dag_id,run_id,state,start_date,end_date
bench_two_level_parent,two_level_100k_empty_1790732657,success,2026-09-30 01:44:17.579403+00,2026-09-30 01:57:27.889472+00
bench_two_level_child,manual__2026-09-30T01:44:22.219856+00:00,success,2026-09-30 01:44:22.599576+00,2026-09-30 01:51:17.717112+00
bench_two_level_child,manual__2026-09-30T01:44:22.224132+00:00,success,2026-09-30 01:44:22.601506+00,2026-09-30 01:51:17.846131+00
bench_two_level_child,manual__2026-09-30T01:44:22.224114+00:00,success,2026-09-30 01:44:22.603368+00,2026-09-30 01:51:17.891949+00
bench_two_level_child,manual__2026-09-30T01:44:22.223909+00:00,success,2026-09-30 01:44:22.605042+00,2026-09-30 01:51:17.94446+00
bench_two_level_child,manual__2026-09-30T01:44:22.224072+00:00,success,2026-09-30 01:44:22.606921+00,2026-09-30 01:51:17.986924+00
bench_two_level_child,manual__2026-09-30T01:44:22.222299+00:00,success,2026-09-30 01:44:22.608656+00,2026-09-30 01:51:18.102277+00
bench_two_level_child,manual__2026-09-30T01:44:22.222585+00:00,success,2026-09-30 01:44:22.610453+00,2026-09-30 01:51:18.171839+00
bench_two_level_child,manual__2026-09-30T01:44:22.222722+00:00,success,2026-09-30 01:44:22.612265+00,2026-09-30 01:51:18.233118+00
bench_two_level_child,manual__2026-09-30T01:44:24.378208+00:00,success,2026-09-30 01:44:24.803771+00,2026-09-30 01:52:04.195446+00
bench_two_level_child,manual__2026-09-30T01:44:24.394071+00:00,success,2026-09-30 01:44:24.806365+00,2026-09-30 01:52:04.309487+00
bench_two_level_child,manual__2026-09-30T01:44:24.509493+00:00,success,2026-09-30 01:44:24.808694+00,2026-09-30 01:52:04.375684+00
bench_two_level_child,manual__2026-09-30T01:44:24.512255+00:00,success,2026-09-30 01:44:24.811582+00,2026-09-30 01:52:04.441524+00
bench_two_level_child,manual__2026-09-30T01:44:24.511771+00:00,success,2026-09-30 01:44:24.814035+00,2026-09-30 01:52:04.49901+00
bench_two_level_child,manual__2026-09-30T01:44:24.512839+00:00,success,2026-09-30 01:44:24.816437+00,2026-09-30 01:52:04.629616+00
bench_two_level_child,manual__2026-09-30T01:44:24.535809+00:00,success,2026-09-30 01:44:24.818109+00,2026-09-30 01:52:04.69487+00
bench_two_level_child,manual__2026-09-30T01:44:24.602710+00:00,success,2026-09-30 01:44:24.820066+00,2026-09-30 01:52:04.743745+00
bench_two_level_child,manual__2026-09-30T01:44:26.746942+00:00,success,2026-09-30 01:44:27.194828+00,2026-09-30 01:52:03.593125+00
bench_two_level_child,manual__2026-09-30T01:44:26.769996+00:00,success,2026-09-30 01:44:27.197253+00,2026-09-30 01:52:03.714139+00
bench_two_level_child,manual__2026-09-30T01:44:26.769890+00:00,success,2026-09-30 01:44:27.199141+00,2026-09-30 01:52:03.780798+00
bench_two_level_child,manual__2026-09-30T01:44:26.750210+00:00,success,2026-09-30 01:44:27.200651+00,2026-09-30 01:52:03.843896+00
bench_two_level_child,manual__2026-09-30T01:44:26.818348+00:00,success,2026-09-30 01:44:27.202651+00,2026-09-30 01:52:03.902601+00
bench_two_level_child,manual__2026-09-30T01:44:26.844487+00:00,success,2026-09-30 01:44:27.204255+00,2026-09-30 01:52:04.012639+00
bench_two_level_child,manual__2026-09-30T01:44:26.853307+00:00,success,2026-09-30 01:44:27.206862+00,2026-09-30 01:52:04.079538+00
bench_two_level_child,manual__2026-09-30T01:44:26.859419+00:00,success,2026-09-30 01:44:27.208629+00,2026-09-30 01:52:04.138564+00
bench_two_level_child,manual__2026-09-30T01:44:29.174629+00:00,success,2026-09-30 01:44:29.62534+00,2026-09-30 01:52:02.96927+00
bench_two_level_child,manual__2026-09-30T01:44:29.156196+00:00,success,2026-09-30 01:44:29.629808+00,2026-09-30 01:52:03.086727+00
bench_two_level_child,manual__2026-09-30T01:44:29.160777+00:00,success,2026-09-30 01:44:29.632849+00,2026-09-30 01:52:03.152977+00
bench_two_level_child,manual__2026-09-30T01:44:29.159250+00:00,success,2026-09-30 01:44:29.637708+00,2026-09-30 01:52:03.220538+00
bench_two_level_child,manual__2026-09-30T01:44:29.174559+00:00,success,2026-09-30 01:44:29.640724+00,2026-09-30 01:52:03.286074+00
bench_two_level_child,manual__2026-09-30T01:44:29.209058+00:00,success,2026-09-30 01:44:29.644825+00,2026-09-30 01:52:03.402804+00
bench_two_level_child,manual__2026-09-30T01:44:29.446751+00:00,success,2026-09-30 01:44:29.648993+00,2026-09-30 01:52:03.472168+00
bench_two_level_child,manual__2026-09-30T01:44:29.448916+00:00,success,2026-09-30 01:44:29.651024+00,2026-09-30 01:52:03.531733+00
bench_two_level_child,manual__2026-09-30T01:44:31.620169+00:00,success,2026-09-30 01:44:32.041212+00,2026-09-30 01:52:02.379527+00
bench_two_level_child,manual__2026-09-30T01:44:31.682582+00:00,success,2026-09-30 01:44:32.043506+00,2026-09-30 01:52:02.496147+00
bench_two_level_child,manual__2026-09-30T01:44:31.678617+00:00,success,2026-09-30 01:44:32.046978+00,2026-09-30 01:52:02.56395+00
bench_two_level_child,manual__2026-09-30T01:44:31.693187+00:00,success,2026-09-30 01:44:32.049863+00,2026-09-30 01:52:02.626765+00
bench_two_level_child,manual__2026-09-30T01:44:31.803820+00:00,success,2026-09-30 01:44:32.051717+00,2026-09-30 01:52:02.679898+00
bench_two_level_child,manual__2026-09-30T01:44:31.846837+00:00,success,2026-09-30 01:44:32.053762+00,2026-09-30 01:52:02.78778+00
bench_two_level_child,manual__2026-09-30T01:44:31.885698+00:00,success,2026-09-30 01:44:32.055603+00,2026-09-30 01:52:02.853737+00
bench_two_level_child,manual__2026-09-30T01:44:31.902730+00:00,success,2026-09-30 01:44:32.057558+00,2026-09-30 01:52:02.913382+00
bench_two_level_child,manual__2026-09-30T01:44:34.175471+00:00,success,2026-09-30 01:44:34.615487+00,2026-09-30 01:52:02.016333+00
bench_two_level_child,manual__2026-09-30T01:44:34.168138+00:00,success,2026-09-30 01:44:34.623902+00,2026-09-30 01:52:02.068763+00
bench_two_level_child,manual__2026-09-30T01:44:34.211350+00:00,success,2026-09-30 01:44:34.627349+00,2026-09-30 01:52:02.115828+00
bench_two_level_child,manual__2026-09-30T01:44:34.244660+00:00,success,2026-09-30 01:44:34.630847+00,2026-09-30 01:52:02.226256+00
bench_two_level_child,manual__2026-09-30T01:44:34.282539+00:00,success,2026-09-30 01:44:34.6344+00,2026-09-30 01:52:02.27177+00
bench_two_level_child,manual__2026-09-30T01:44:34.328695+00:00,success,2026-09-30 01:44:34.638267+00,2026-09-30 01:52:02.321218+00
bench_two_level_child,manual__2026-09-30T01:44:34.496753+00:00,success,2026-09-30 01:44:37.991831+00,2026-09-30 01:52:05.19824+00
bench_two_level_child,manual__2026-09-30T01:44:34.554302+00:00,success,2026-09-30 01:44:37.994455+00,2026-09-30 01:52:05.514962+00
bench_two_level_child,manual__2026-09-30T01:44:37.458065+00:00,success,2026-09-30 01:44:37.997613+00,2026-09-30 01:52:05.673141+00
bench_two_level_child,manual__2026-09-30T01:44:37.490713+00:00,success,2026-09-30 01:44:37.999698+00,2026-09-30 01:52:05.792666+00
bench_two_level_child,manual__2026-09-30T01:44:37.505136+00:00,success,2026-09-30 01:44:38.001489+00,2026-09-30 01:52:05.896352+00
bench_two_level_child,manual__2026-09-30T01:44:37.461669+00:00,success,2026-09-30 01:44:38.003091+00,2026-09-30 01:52:06.207219+00
bench_two_level_child,manual__2026-09-30T01:44:37.557058+00:00,success,2026-09-30 01:44:38.004606+00,2026-09-30 01:52:55.169201+00
bench_two_level_child,manual__2026-09-30T01:44:37.635508+00:00,success,2026-09-30 01:44:38.006113+00,2026-09-30 01:52:55.474553+00
bench_two_level_child,manual__2026-09-30T01:44:38.108120+00:00,success,2026-09-30 01:44:40.663742+00,2026-09-30 01:52:54.929732+00
bench_two_level_child,manual__2026-09-30T01:44:38.150771+00:00,success,2026-09-30 01:44:40.666613+00,2026-09-30 01:52:55.068727+00
bench_two_level_child,manual__2026-09-30T01:44:52.907072+00:00,success,2026-09-30 01:44:54.206957+00,2026-09-30 01:52:54.363798+00
bench_two_level_child,manual__2026-09-30T01:44:53.269849+00:00,success,2026-09-30 01:44:54.209153+00,2026-09-30 01:52:54.78971+00
bench_two_level_child,manual__2026-09-30T01:52:07.284947+00:00,success,2026-09-30 01:52:53.679051+00,2026-09-30 01:56:53.915479+00
bench_two_level_child,manual__2026-09-30T01:52:07.297880+00:00,success,2026-09-30 01:52:53.682307+00,2026-09-30 01:56:53.961825+00
bench_two_level_child,manual__2026-09-30T01:52:09.156331+00:00,success,2026-09-30 01:52:53.687462+00,2026-09-30 01:56:54.068116+00
bench_two_level_child,manual__2026-09-30T01:52:09.216381+00:00,success,2026-09-30 01:52:53.688601+00,2026-09-30 01:56:54.118039+00
bench_two_level_child,manual__2026-09-30T01:52:09.213904+00:00,success,2026-09-30 01:52:53.690469+00,2026-09-30 01:56:54.170505+00
bench_two_level_child,manual__2026-09-30T01:52:09.217638+00:00,success,2026-09-30 01:52:53.693208+00,2026-09-30 01:56:54.224959+00
bench_two_level_child,manual__2026-09-30T01:52:09.224736+00:00,success,2026-09-30 01:52:53.694546+00,2026-09-30 01:56:54.33711+00
bench_two_level_child,manual__2026-09-30T01:52:09.260873+00:00,success,2026-09-30 01:52:53.69721+00,2026-09-30 01:56:54.404576+00
bench_two_level_child,manual__2026-09-30T01:52:09.258406+00:00,success,2026-09-30 01:52:53.699716+00,2026-09-30 01:56:54.468302+00
bench_two_level_child,manual__2026-09-30T01:52:09.284940+00:00,success,2026-09-30 01:52:53.702406+00,2026-09-30 01:56:54.581063+00
bench_two_level_child,manual__2026-09-30T01:52:11.207631+00:00,success,2026-09-30 01:52:53.704013+00,2026-09-30 01:56:54.645764+00
bench_two_level_child,manual__2026-09-30T01:52:11.207917+00:00,success,2026-09-30 01:52:53.705258+00,2026-09-30 01:56:54.706438+00
bench_two_level_child,manual__2026-09-30T01:52:11.207287+00:00,success,2026-09-30 01:52:53.707693+00,2026-09-30 01:56:54.769428+00
bench_two_level_child,manual__2026-09-30T01:52:11.311679+00:00,success,2026-09-30 01:52:53.709322+00,2026-09-30 01:56:54.885159+00
bench_two_level_child,manual__2026-09-30T01:52:11.311263+00:00,success,2026-09-30 01:52:53.713778+00,2026-09-30 01:56:54.941433+00
bench_two_level_child,manual__2026-09-30T01:52:11.311810+00:00,success,2026-09-30 01:52:53.715605+00,2026-09-30 01:56:54.992909+00
bench_two_level_child,manual__2026-09-30T01:52:11.481791+00:00,success,2026-09-30 01:52:53.716994+00,2026-09-30 01:56:55.041121+00
bench_two_level_child,manual__2026-09-30T01:52:11.551858+00:00,success,2026-09-30 01:52:53.718804+00,2026-09-30 01:56:55.152059+00
bench_two_level_child,manual__2026-09-30T01:52:13.307464+00:00,success,2026-09-30 01:52:53.720456+00,2026-09-30 01:56:55.196145+00
bench_two_level_child,manual__2026-09-30T01:52:13.316870+00:00,success,2026-09-30 01:52:53.722526+00,2026-09-30 01:56:55.240104+00
bench_two_level_child,manual__2026-09-30T01:52:13.450802+00:00,success,2026-09-30 01:52:53.724259+00,2026-09-30 01:56:55.284463+00
bench_two_level_child,manual__2026-09-30T01:52:13.475865+00:00,success,2026-09-30 01:52:53.726529+00,2026-09-30 01:56:55.386444+00
bench_two_level_child,manual__2026-09-30T01:52:13.589998+00:00,success,2026-09-30 01:52:53.729262+00,2026-09-30 01:56:55.449138+00
bench_two_level_child,manual__2026-09-30T01:52:13.600825+00:00,success,2026-09-30 01:52:53.730498+00,2026-09-30 01:56:55.506441+00
bench_two_level_child,manual__2026-09-30T01:52:13.632727+00:00,success,2026-09-30 01:52:53.731523+00,2026-09-30 01:56:55.567995+00
bench_two_level_child,manual__2026-09-30T01:52:13.629020+00:00,success,2026-09-30 01:52:53.73262+00,2026-09-30 01:56:55.684601+00
bench_two_level_child,manual__2026-09-30T01:52:56.044954+00:00,success,2026-09-30 01:52:57.138066+00,2026-09-30 01:56:56.128338+00
bench_two_level_child,manual__2026-09-30T01:52:56.045606+00:00,success,2026-09-30 01:52:57.14018+00,2026-09-30 01:56:56.280101+00
bench_two_level_child,manual__2026-09-30T01:52:56.048012+00:00,success,2026-09-30 01:52:57.141846+00,2026-09-30 01:57:28.219528+00
bench_two_level_child,manual__2026-09-30T01:52:56.047800+00:00,success,2026-09-30 01:52:57.143664+00,2026-09-30 01:56:56.455082+00
bench_two_level_child,manual__2026-09-30T01:52:56.048281+00:00,success,2026-09-30 01:52:57.145739+00,2026-09-30 01:57:28.296636+00
bench_two_level_child,manual__2026-09-30T01:52:56.045470+00:00,success,2026-09-30 01:52:57.147542+00,2026-09-30 01:56:56.768064+00
bench_two_level_child,manual__2026-09-30T01:52:56.048057+00:00,success,2026-09-30 01:52:57.149174+00,2026-09-30 01:57:28.370403+00
bench_two_level_child,manual__2026-09-30T01:52:56.050382+00:00,success,2026-09-30 01:52:57.150596+00,2026-09-30 01:57:28.552786+00
bench_two_level_child,manual__2026-09-30T01:56:58.096827+00:00,success,2026-09-30 01:56:58.627801+00,2026-09-30 02:01:18.381956+00
bench_two_level_child,manual__2026-09-30T01:56:58.125256+00:00,success,2026-09-30 01:56:58.630866+00,2026-09-30 02:01:18.434546+00
bench_two_level_child,manual__2026-09-30T01:56:58.126453+00:00,success,2026-09-30 01:56:58.632412+00,2026-09-30 02:01:18.481109+00
bench_two_level_child,manual__2026-09-30T01:56:58.127961+00:00,success,2026-09-30 01:56:58.634079+00,2026-09-30 02:01:18.526587+00
bench_two_level_child,manual__2026-09-30T01:56:59.151311+00:00,success,2026-09-30 01:57:28.011517+00,2026-09-30 02:04:47.977616+00
bench_two_level_child,manual__2026-09-30T01:56:59.151400+00:00,success,2026-09-30 01:57:28.012911+00,2026-09-30 02:04:48.047074+00
bench_two_level_child,manual__2026-09-30T01:56:59.176884+00:00,success,2026-09-30 01:57:28.015862+00,2026-09-30 02:04:48.108479+00
bench_two_level_child,manual__2026-09-30T01:56:59.180615+00:00,success,2026-09-30 01:57:28.017099+00,2026-09-30 02:04:48.168961+00
