ts,t,api-server_n,api-server_rss_mb,cpu_pct,dag-processor_n,dag-processor_rss_mb,mapped_tis,other_n,other_rss_mb,scheduler_n,scheduler_rss_mb,sys_avail_mb,sys_used_mb,sz__database_mb,sz_asset_event_mb,sz_dag_run_mb,sz_log_mb,sz_rendered_task_instance_fields_mb,sz_task_instance_history_mb,sz_task_instance_mb,sz_task_map_mb,sz_task_reschedule_mb,sz_xcom_mb,task_n,task_rss_mb,ti_none,ti_queued,ti_running,ti_scheduled,ti_success
2026-09-30T01:44:17+00:00,0.0,1,25.1,39.3,2,136.4,0,13,707.3,1,83.9,1490,6702,308.0,5.3,35.7,7.4,3.8,0.0,220.9,0.0,0.0,1.2,0,0.0,2,,,,
2026-09-30T01:44:20+00:00,3.1,1,25.1,47.1,1,59.7,100,13,601.9,1,98.5,1476,6716,308.0,5.3,35.7,7.4,3.8,0.0,220.9,0.0,0.0,1.2,8,267.5,,24,8,68,1
2026-09-30T01:44:23+00:00,6.1,1,25.1,95.1,1,35.0,100,13,616.8,1,89.0,1395,6797,308.0,5.3,35.7,7.4,3.8,0.0,220.9,0.0,0.0,1.2,8,759.3,,40,8,44,9
2026-09-30T01:44:26+00:00,9.2,1,25.1,98.0,1,63.8,100,13,460.4,1,35.9,1331,6861,308.0,5.3,35.7,7.4,3.8,0.0,220.9,0.0,0.0,1.2,8,961.3,,32,8,44,17
2026-09-30T01:44:29+00:00,12.4,1,25.1,94.8,1,55.6,100,13,666.1,1,80.7,1624,6568,308.1,5.3,35.7,7.4,3.8,0.0,220.9,0.0,0.0,1.2,8,254.7,,18,6,44,33
2026-09-30T01:44:32+00:00,15.4,1,25.1,99.5,1,52.1,100,13,620.1,1,84.6,1383,6809,308.2,5.3,35.7,7.4,3.8,0.0,220.9,0.0,0.0,1.2,8,537.1,,8,8,44,41
2026-09-30T01:44:35+00:00,18.6,1,25.1,99.6,2,115.5,100,13,333.7,1,69.5,1202,6990,308.2,5.3,35.7,7.4,3.8,0.0,220.9,0.0,0.0,1.2,8,700.0,,,8,44,49
2026-09-30T01:44:39+00:00,21.7,1,25.1,99.7,1,53.5,100,13,542.6,1,82.8,1374,6818,308.2,5.3,35.7,7.5,3.8,0.0,220.9,0.0,0.0,1.2,8,685.5,,2,,42,57
2026-09-30T01:44:42+00:00,24.7,1,25.1,99.8,1,23.9,100,13,419.2,1,71.7,1332,6860,308.2,5.3,35.7,7.5,3.8,0.0,220.9,0.0,0.0,1.2,8,809.5,,2,,42,57
2026-09-30T01:44:45+00:00,27.8,1,25.1,99.8,1,56.5,100,13,482.7,1,69.8,1287,6905,308.2,5.3,35.8,7.5,3.8,0.0,220.9,0.0,0.0,1.2,8,909.9,,2,,42,57
2026-09-30T01:44:48+00:00,30.9,1,25.1,99.8,1,59.5,100,13,624.1,1,150.0,1513,6679,308.3,5.3,35.8,7.5,3.8,0.0,220.9,0.0,0.0,1.3,8,366.0,,2,,42,57
2026-09-30T01:44:51+00:00,34.0,1,25.1,99.8,1,55.5,100,13,634.2,1,66.8,1437,6755,308.4,5.3,35.8,7.5,3.8,0.0,220.9,0.0,0.0,1.3,8,633.3,,,2,42,57
2026-09-30T01:44:54+00:00,37.1,1,25.1,99.8,1,55.2,100,13,518.8,1,86.0,1347,6845,308.4,5.3,35.8,7.5,3.8,0.0,220.9,0.0,0.0,1.4,8,824.2,,,,42,59
2026-09-30T01:44:57+00:00,40.3,1,25.1,99.8,1,52.8,100,13,479.0,1,64.0,1299,6893,308.4,5.3,35.8,7.5,3.8,0.0,220.9,0.0,0.0,1.4,8,698.1,,,,42,59
2026-09-30T01:45:00+00:00,43.3,1,25.1,99.8,1,52.4,100,13,628.2,1,51.0,1502,6690,308.5,5.3,35.8,7.5,3.8,0.0,220.9,0.0,0.0,1.4,8,357.4,,,,42,59
2026-09-30T01:45:03+00:00,46.4,1,25.1,100.0,1,52.8,100,13,635.9,1,150.3,1430,6762,308.5,5.3,35.8,7.5,3.8,0.0,220.9,0.0,0.0,1.5,8,502.6,,,,42,59
2026-09-30T01:45:06+00:00,49.5,1,25.1,99.5,1,80.3,100,13,496.3,1,54.2,1314,6878,308.6,5.3,35.8,7.5,3.8,0.0,220.9,0.0,0.0,1.5,8,760.9,,,,42,59
2026-09-30T01:45:09+00:00,52.6,1,25.1,99.6,1,52.7,100,13,314.9,1,54.5,1205,6987,308.7,5.3,35.8,7.5,3.8,0.0,220.9,0.0,0.0,1.6,8,846.1,,,,42,59
2026-09-30T01:45:13+00:00,55.6,1,25.1,74.0,1,55.6,100,13,406.7,1,76.2,1436,6756,308.8,5.3,35.8,7.5,3.9,0.0,220.9,0.0,0.0,1.6,0,0.0,,,,42,59
2026-09-30T01:45:16+00:00,58.7,1,25.1,55.7,1,78.5,100,13,249.3,1,183.7,1402,6790,308.8,5.3,35.8,7.5,3.9,0.0,220.9,0.0,0.0,1.6,0,0.0,,,,42,59
2026-09-30T01:45:19+00:00,61.7,1,25.1,46.6,1,66.0,100,13,249.3,1,177.0,1404,6788,308.8,5.3,35.8,7.5,3.9,0.0,220.9,0.0,0.0,1.6,0,0.0,,,,42,59
2026-09-30T01:45:22+00:00,64.8,1,25.1,50.7,1,76.8,100,13,249.1,1,167.0,1349,6843,308.8,5.3,35.8,7.5,3.9,0.0,220.9,0.0,0.0,1.6,0,0.0,,,,42,59
2026-09-30T01:45:25+00:00,67.9,1,25.1,55.5,1,56.3,100,13,249.2,1,82.4,1370,6822,308.8,5.3,35.8,7.5,3.9,0.0,220.9,0.0,0.0,1.6,0,0.0,,,,42,59
2026-09-30T01:45:28+00:00,70.9,1,20.3,57.8,1,70.7,100,13,192.1,1,152.5,1249,6943,308.8,5.3,35.8,7.5,3.9,0.0,220.9,0.0,0.0,1.6,0,0.0,,,,42,59
2026-09-30T01:45:31+00:00,74.0,1,19.2,57.7,1,47.1,100,13,180.3,1,67.4,1283,6909,308.8,5.3,35.8,7.5,3.9,0.0,220.9,0.0,0.0,1.6,0,0.0,,,,42,59
2026-09-30T01:45:34+00:00,77.1,1,16.5,68.9,1,45.3,100,13,138.5,1,173.9,1236,6956,308.8,5.3,35.8,7.5,3.9,0.0,220.9,0.0,0.0,1.6,0,0.0,,,,42,59
2026-09-30T01:45:37+00:00,80.1,1,16.2,64.3,1,72.2,100,13,137.6,1,49.2,1251,6941,308.8,5.3,35.8,7.5,3.9,0.0,220.9,0.0,0.0,1.6,0,0.0,,,,42,59
2026-09-30T01:45:40+00:00,83.2,1,16.2,61.4,1,45.7,100,13,137.7,1,174.2,1267,6925,308.8,5.3,35.8,7.5,3.9,0.0,220.9,0.0,0.0,1.6,0,0.0,,,,42,59
2026-09-30T01:45:43+00:00,86.2,1,16.2,57.7,1,47.2,100,13,137.7,1,173.0,1266,6926,308.8,5.3,35.8,7.5,3.9,0.0,220.9,0.0,0.0,1.6,0,0.0,,,,42,59
2026-09-30T01:45:46+00:00,89.3,1,16.2,57.5,1,68.4,100,13,137.8,1,57.0,1278,6914,308.8,5.3,35.8,7.5,3.9,0.0,220.9,0.0,0.0,1.6,0,0.0,,,,42,59
2026-09-30T01:45:49+00:00,92.4,1,16.2,53.8,1,70.2,100,13,137.7,1,173.5,1271,6921,308.8,5.3,35.8,7.5,3.9,0.0,220.9,0.0,0.0,1.6,0,0.0,,,,42,59
2026-09-30T01:45:52+00:00,95.4,1,16.1,53.1,1,66.2,100,13,137.8,1,163.1,1256,6936,308.8,5.3,35.8,7.5,3.9,0.0,220.9,0.0,0.0,1.6,0,0.0,,,,42,59
2026-09-30T01:45:55+00:00,98.4,1,16.1,56.3,1,69.0,100,13,137.7,1,68.7,1296,6896,308.8,5.3,35.8,7.5,3.9,0.0,220.9,0.0,0.0,1.6,0,0.0,,,,42,59
2026-09-30T01:45:58+00:00,101.5,1,16.1,50.1,1,66.6,100,13,137.8,1,175.8,1243,6949,308.8,5.3,35.8,7.5,3.9,0.0,220.9,0.0,0.0,1.6,0,0.0,,,,42,59
2026-09-30T01:46:01+00:00,104.5,1,16.1,56.2,1,46.8,100,13,137.5,1,135.3,1262,6930,308.8,5.3,35.8,7.5,3.9,0.0,220.9,0.0,0.0,1.6,0,0.0,,,,42,59
2026-09-30T01:46:04+00:00,107.6,1,16.2,46.8,1,46.8,100,13,137.5,1,69.2,1244,6948,308.8,5.3,35.8,7.5,3.9,0.0,220.9,0.0,0.0,1.6,0,0.0,,,,42,59
2026-09-30T01:46:08+00:00,110.7,1,16.1,48.8,1,59.5,100,13,137.5,1,174.4,1273,6919,308.8,5.3,35.8,7.5,3.9,0.0,220.9,0.0,0.0,1.6,0,0.0,,,,42,59
2026-09-30T01:46:11+00:00,113.7,1,16.1,48.8,1,70.9,100,13,137.5,1,126.0,1238,6954,308.8,5.3,35.8,7.5,3.9,0.0,220.9,0.0,0.0,1.6,0,0.0,,,,42,59
2026-09-30T01:46:14+00:00,116.8,1,16.1,50.8,1,43.5,100,13,137.5,1,67.8,1270,6922,308.8,5.3,35.8,7.5,3.9,0.0,220.9,0.0,0.0,1.6,0,0.0,,,,42,59
2026-09-30T01:46:17+00:00,119.8,1,14.2,98.7,1,43.6,100,13,390.4,1,41.2,1218,6974,308.8,5.3,35.8,7.5,3.9,0.0,220.9,0.0,0.0,1.6,8,623.6,,,,42,59
2026-09-30T01:46:20+00:00,122.9,1,16.1,48.4,1,69.5,100,13,489.1,1,175.4,1606,6586,308.8,5.3,35.8,7.6,3.9,0.0,220.9,0.0,0.0,1.6,0,0.0,,,,42,59
2026-09-30T01:46:23+00:00,126.0,1,16.1,31.2,1,71.0,100,13,488.8,1,175.7,1626,6566,308.8,5.3,35.8,7.6,3.9,0.0,220.9,0.0,0.0,1.6,0,0.0,,,,42,59
2026-09-30T01:46:26+00:00,129.0,1,16.1,28.6,1,71.0,100,13,484.8,1,176.3,1639,6553,308.8,5.3,35.8,7.6,3.9,0.0,220.9,0.0,0.0,1.6,0,0.0,,,,42,59
2026-09-30T01:46:29+00:00,132.1,1,16.1,26.2,1,71.1,100,13,460.8,1,178.4,1650,6542,308.8,5.3,35.8,7.6,3.9,0.0,220.9,0.0,0.0,1.6,0,0.0,,,,42,59
2026-09-30T01:46:32+00:00,135.1,1,16.1,26.0,1,71.1,100,13,452.8,1,178.4,1660,6532,308.8,5.3,35.8,7.6,3.9,0.0,220.9,0.0,0.0,1.6,0,0.0,,,,42,59
2026-09-30T01:46:35+00:00,138.2,1,16.1,34.7,1,69.6,100,13,212.9,1,178.2,1553,6639,308.8,5.3,35.8,7.6,3.9,0.0,220.9,0.0,0.0,1.6,0,0.0,,,,42,59
2026-09-30T01:46:38+00:00,141.2,1,16.1,29.3,1,51.2,100,13,157.8,1,161.3,1578,6614,308.8,5.3,35.8,7.6,3.9,0.0,220.9,0.0,0.0,1.6,0,0.0,,,,42,59
2026-09-30T01:46:41+00:00,144.3,1,16.1,28.8,1,73.1,100,13,157.8,1,162.8,1583,6609,308.8,5.3,35.8,7.6,3.9,0.0,220.9,0.0,0.0,1.6,0,0.0,,,,42,59
2026-09-30T01:46:44+00:00,147.3,1,16.1,29.6,1,71.7,100,13,157.6,1,177.0,1557,6635,308.8,5.3,35.8,7.6,3.9,0.0,220.9,0.0,0.0,1.6,0,0.0,,,,42,59
2026-09-30T01:46:47+00:00,150.4,1,16.1,30.9,1,73.7,100,13,157.6,1,173.4,1433,6759,308.8,5.3,35.8,7.6,3.9,0.0,220.9,0.0,0.0,1.6,0,0.0,,,,42,59
2026-09-30T01:46:50+00:00,153.5,1,16.1,29.9,1,70.5,100,13,157.5,1,178.2,1371,6821,308.8,5.3,35.8,7.6,3.9,0.0,220.9,0.0,0.0,1.6,0,0.0,,,,42,59
2026-09-30T01:46:53+00:00,156.5,1,16.1,28.4,1,71.5,100,13,157.5,1,179.0,1368,6824,308.8,5.3,35.8,7.6,3.9,0.0,220.9,0.0,0.0,1.6,0,0.0,,,,42,59
2026-09-30T01:46:56+00:00,159.6,1,16.1,27.3,1,71.6,100,13,157.5,1,178.9,1372,6820,308.8,5.3,35.8,7.6,3.9,0.0,220.9,0.0,0.0,1.6,0,0.0,,,,42,59
2026-09-30T01:47:00+00:00,162.6,1,16.1,30.2,1,68.1,100,13,157.5,1,179.1,1368,6824,308.8,5.3,35.8,7.6,3.9,0.0,220.9,0.0,0.0,1.6,0,0.0,,,,42,59
2026-09-30T01:47:03+00:00,165.7,1,16.1,27.9,1,67.7,100,13,157.5,1,179.6,1406,6786,308.8,5.3,35.8,7.6,3.9,0.0,220.9,0.0,0.0,1.6,0,0.0,,,,42,59
2026-09-30T01:47:06+00:00,168.7,1,16.1,28.1,1,50.0,100,13,157.5,1,179.5,1377,6815,308.8,5.3,35.8,7.6,3.9,0.0,220.9,0.0,0.0,1.6,0,0.0,,,,42,59
2026-09-30T01:47:09+00:00,171.8,1,16.1,28.6,1,72.7,100,13,157.5,1,86.8,1363,6829,308.8,5.3,35.8,7.6,3.9,0.0,220.9,0.0,0.0,1.6,0,0.0,,,,42,59
2026-09-30T01:47:12+00:00,174.8,1,16.1,28.5,1,72.7,100,13,157.5,1,79.8,1367,6825,308.8,5.3,35.8,7.6,3.9,0.0,220.9,0.0,0.0,1.6,0,0.0,,,,42,59
2026-09-30T01:47:15+00:00,177.9,1,16.1,28.1,1,70.6,100,13,157.5,1,80.7,1379,6813,308.8,5.3,35.8,7.6,3.9,0.0,220.9,0.0,0.0,1.6,0,0.0,,,,42,59
2026-09-30T01:47:18+00:00,180.9,1,16.1,26.7,1,73.4,100,13,157.5,1,177.0,1378,6814,308.8,5.3,35.8,7.6,3.9,0.0,220.9,0.0,0.0,1.6,0,0.0,,,,42,59
2026-09-30T01:47:21+00:00,184.0,1,16.1,28.3,1,73.7,100,13,157.5,1,174.1,1383,6809,308.8,5.3,35.8,7.6,3.9,0.0,220.9,0.0,0.0,1.6,0,0.0,,,,42,59
2026-09-30T01:47:24+00:00,187.1,1,16.1,33.2,1,68.5,100,13,157.5,1,121.5,1236,6956,308.8,5.3,35.8,7.6,3.9,0.0,220.9,0.0,0.0,1.6,0,0.0,,,,42,59
2026-09-30T01:47:27+00:00,190.1,1,16.1,32.4,1,71.3,100,13,156.3,1,162.3,1251,6941,308.8,5.3,35.8,7.6,3.9,0.0,220.9,0.0,0.0,1.6,0,0.0,,,,42,59
2026-09-30T01:47:30+00:00,193.2,1,16.1,28.9,1,72.1,100,13,156.3,1,163.2,1305,6887,308.8,5.3,35.8,7.6,3.9,0.0,220.9,0.0,0.0,1.6,0,0.0,,,,42,59
2026-09-30T01:47:33+00:00,196.3,1,16.1,28.4,1,69.0,100,13,156.3,1,178.2,1333,6859,308.8,5.3,35.8,7.6,3.9,0.0,220.9,0.0,0.0,1.6,0,0.0,,,,42,59
2026-09-30T01:47:36+00:00,199.3,1,16.1,30.6,1,65.5,100,13,156.3,1,78.8,1309,6883,308.8,5.3,35.8,7.6,3.9,0.0,220.9,0.0,0.0,1.6,0,0.0,,,,42,59
2026-09-30T01:47:39+00:00,202.4,1,16.1,28.4,1,72.8,100,13,156.3,1,177.2,1323,6869,308.8,5.3,35.8,7.6,3.9,0.0,220.9,0.0,0.0,1.6,0,0.0,,,,42,59
2026-09-30T01:47:42+00:00,205.4,1,16.1,28.3,1,72.2,100,13,156.3,1,176.1,1311,6881,308.8,5.3,35.8,7.6,3.9,0.0,220.9,0.0,0.0,1.6,0,0.0,,,,42,59
2026-09-30T01:47:45+00:00,208.5,1,16.1,31.7,1,46.6,100,13,156.0,1,93.6,1274,6918,308.8,5.3,35.8,7.6,3.9,0.0,220.9,0.0,0.0,1.6,0,0.0,,,,42,59
2026-09-30T01:47:48+00:00,211.5,1,16.1,28.3,1,69.9,100,13,156.0,1,176.8,1302,6890,308.8,5.3,35.8,7.6,3.9,0.0,220.9,0.0,0.0,1.6,0,0.0,,,,42,59
2026-09-30T01:47:52+00:00,214.6,1,16.1,28.5,1,70.9,100,13,156.0,1,176.7,1299,6893,308.8,5.3,35.8,7.6,3.9,0.0,220.9,0.0,0.0,1.6,0,0.0,,,,42,59
2026-09-30T01:47:55+00:00,217.6,1,16.1,28.0,1,67.7,100,13,156.0,1,178.1,1294,6898,308.8,5.3,35.8,7.6,3.9,0.0,220.9,0.0,0.0,1.6,0,0.0,,,,42,59
2026-09-30T01:47:58+00:00,220.7,1,16.1,29.4,1,70.0,100,13,156.0,1,75.5,1289,6903,308.8,5.3,35.8,7.6,3.9,0.0,220.9,0.0,0.0,1.6,0,0.0,,,,42,59
2026-09-30T01:48:01+00:00,223.8,1,16.1,27.5,1,70.3,100,13,156.0,1,76.6,1304,6888,308.8,5.3,35.8,7.6,3.9,0.0,220.9,0.0,0.0,1.6,0,0.0,,,,42,59
2026-09-30T01:48:04+00:00,226.8,1,16.1,29.5,1,67.8,100,13,156.0,1,163.9,1282,6910,308.8,5.3,35.8,7.6,3.9,0.0,220.9,0.0,0.0,1.6,0,0.0,,,,42,59
2026-09-30T01:48:07+00:00,229.9,1,16.1,28.6,1,52.5,100,13,156.0,1,157.9,1269,6923,308.8,5.3,35.8,7.6,3.9,0.0,220.9,0.0,0.0,1.6,0,0.0,,,,42,59
2026-09-30T01:48:10+00:00,232.9,1,16.1,28.5,1,72.6,100,13,156.0,1,167.0,1277,6915,308.8,5.3,35.8,7.6,3.9,0.0,220.9,0.0,0.0,1.6,0,0.0,,,,42,59
2026-09-30T01:48:13+00:00,236.0,1,16.1,28.2,1,71.8,100,13,156.0,1,161.7,1349,6843,308.8,5.3,35.8,7.6,3.9,0.0,220.9,0.0,0.0,1.6,0,0.0,,,,42,59
2026-09-30T01:48:16+00:00,239.1,1,16.1,30.4,1,60.0,100,13,156.0,1,154.3,1314,6878,308.8,5.3,35.8,7.6,3.9,0.0,220.9,0.0,0.0,1.6,0,0.0,,,,42,59
2026-09-30T01:48:19+00:00,242.1,1,16.1,29.2,1,68.2,100,13,156.0,1,174.2,1330,6862,308.8,5.3,35.8,7.6,3.9,0.0,220.9,0.0,0.0,1.6,0,0.0,,,,42,59
2026-09-30T01:48:22+00:00,245.2,1,16.1,28.6,1,71.0,100,13,156.0,1,173.1,1344,6848,308.8,5.3,35.8,7.6,3.9,0.0,220.9,0.0,0.0,1.6,0,0.0,,,,42,59
2026-09-30T01:48:25+00:00,248.2,1,16.1,27.2,1,71.1,100,13,156.0,1,173.7,1336,6856,308.8,5.3,35.8,7.6,3.9,0.0,220.9,0.0,0.0,1.6,0,0.0,,,,42,59
2026-09-30T01:48:28+00:00,251.3,1,16.1,28.1,1,70.1,100,13,156.0,1,105.8,1310,6882,308.8,5.3,35.8,7.6,3.9,0.0,220.9,0.0,0.0,1.6,0,0.0,,,,42,59
2026-09-30T01:48:31+00:00,254.4,1,16.1,26.7,1,70.1,100,13,156.0,1,93.0,1320,6872,308.8,5.3,35.8,7.6,3.9,0.0,220.9,0.0,0.0,1.6,0,0.0,,,,42,59
2026-09-30T01:48:34+00:00,257.4,1,16.1,27.2,1,69.2,100,13,156.0,1,177.3,1338,6854,308.8,5.3,35.8,7.6,3.9,0.0,220.9,0.0,0.0,1.6,0,0.0,,,,42,59
2026-09-30T01:48:37+00:00,260.5,1,16.1,28.5,1,69.0,100,13,156.0,1,176.8,1338,6854,308.8,5.3,35.8,7.6,3.9,0.0,220.9,0.0,0.0,1.6,0,0.0,,,,42,59
2026-09-30T01:48:40+00:00,263.5,1,16.1,29.4,1,72.8,100,13,156.0,1,171.7,1289,6903,308.8,5.3,35.8,7.6,3.9,0.0,220.9,0.0,0.0,1.6,0,0.0,,,,42,59
2026-09-30T01:48:43+00:00,266.6,1,16.1,27.1,1,71.4,100,13,156.0,1,176.2,1306,6886,308.8,5.3,35.8,7.6,3.9,0.0,220.9,0.0,0.0,1.6,0,0.0,,,,42,59
2026-09-30T01:48:47+00:00,269.6,1,16.1,29.1,1,70.9,100,13,156.0,1,176.0,1329,6863,308.8,5.3,35.8,7.6,3.9,0.0,220.9,0.0,0.0,1.6,0,0.0,,,,42,59
2026-09-30T01:48:50+00:00,272.7,1,16.1,28.4,1,70.4,100,13,156.0,1,173.9,1334,6858,308.8,5.3,35.8,7.6,3.9,0.0,220.9,0.0,0.0,1.6,0,0.0,,,,42,59
2026-09-30T01:48:53+00:00,275.7,1,16.1,30.7,1,71.7,100,13,156.0,1,177.4,1294,6898,308.8,5.3,35.8,7.6,3.9,0.0,220.9,0.0,0.0,1.6,0,0.0,,,,42,59
2026-09-30T01:48:56+00:00,278.8,1,16.1,29.9,1,55.2,100,13,156.0,1,177.0,1324,6868,308.8,5.3,35.8,7.6,3.9,0.0,220.9,0.0,0.0,1.6,0,0.0,,,,42,59
2026-09-30T01:48:59+00:00,281.8,1,16.1,26.5,1,70.4,100,13,156.0,1,176.1,1326,6866,308.8,5.3,35.8,7.6,3.9,0.0,220.9,0.0,0.0,1.6,0,0.0,,,,42,59
2026-09-30T01:49:02+00:00,284.9,1,16.1,28.5,1,69.2,100,13,156.0,1,157.1,1350,6842,308.8,5.3,35.8,7.6,3.9,0.0,220.9,0.0,0.0,1.6,0,0.0,,,,42,59
2026-09-30T01:49:05+00:00,287.9,1,16.1,27.4,1,68.1,100,13,156.0,1,177.4,1347,6845,308.8,5.3,35.8,7.6,3.9,0.0,220.9,0.0,0.0,1.6,0,0.0,,,,42,59
2026-09-30T01:49:08+00:00,291.0,1,16.1,27.4,1,68.3,100,13,156.0,1,176.5,1322,6870,308.8,5.3,35.8,7.6,3.9,0.0,220.9,0.0,0.0,1.6,0,0.0,,,,42,59
2026-09-30T01:49:11+00:00,294.0,1,16.1,29.3,1,71.9,100,13,156.0,1,159.6,1340,6852,308.8,5.3,35.8,7.6,3.9,0.0,220.9,0.0,0.0,1.6,0,0.0,,,,42,59
2026-09-30T01:49:14+00:00,297.1,1,16.1,30.8,1,71.7,100,13,156.0,1,151.3,1317,6875,308.8,5.3,35.8,7.6,3.9,0.0,220.9,0.0,0.0,1.6,0,0.0,,,,42,59
2026-09-30T01:49:17+00:00,300.2,1,16.1,29.0,1,70.6,100,13,156.0,1,177.4,1322,6870,308.8,5.3,35.8,7.6,3.9,0.0,220.9,0.0,0.0,1.6,0,0.0,,,,42,59
2026-09-30T01:49:20+00:00,303.2,1,16.1,27.5,1,70.8,100,13,156.0,1,179.9,1345,6847,308.8,5.3,35.8,7.6,3.9,0.0,220.9,0.0,0.0,1.6,0,0.0,,,,42,59
2026-09-30T01:49:23+00:00,306.3,1,16.1,29.2,1,71.0,100,13,156.0,1,179.0,1318,6874,308.8,5.3,35.8,7.6,3.9,0.0,220.9,0.0,0.0,1.6,0,0.0,,,,42,59
2026-09-30T01:49:26+00:00,309.3,1,16.1,29.5,1,68.8,100,13,156.0,1,91.7,1306,6886,308.8,5.3,35.8,7.6,3.9,0.0,220.9,0.0,0.0,1.6,0,0.0,,,,42,59
2026-09-30T01:49:29+00:00,312.4,1,16.1,26.7,1,68.8,100,13,156.0,1,178.9,1266,6926,308.8,5.3,35.8,7.6,3.9,0.0,220.9,0.0,0.0,1.6,0,0.0,,,,42,59
2026-09-30T01:49:32+00:00,315.5,1,16.1,27.9,1,69.9,100,13,156.0,1,162.0,1317,6875,308.8,5.3,35.8,7.6,3.9,0.0,220.9,0.0,0.0,1.6,0,0.0,,,,42,59
2026-09-30T01:49:35+00:00,318.5,1,16.1,27.9,1,68.2,100,13,156.0,1,163.2,1291,6901,308.8,5.3,35.8,7.6,3.9,0.0,220.9,0.0,0.0,1.6,0,0.0,,,,42,59
2026-09-30T01:49:38+00:00,321.6,1,16.1,26.4,1,68.7,100,13,156.0,1,176.0,1291,6901,308.8,5.3,35.8,7.6,3.9,0.0,220.9,0.0,0.0,1.6,0,0.0,,,,42,59
2026-09-30T01:49:42+00:00,324.6,1,16.1,28.4,1,71.2,100,13,156.0,1,169.6,1273,6919,308.8,5.3,35.8,7.6,3.9,0.0,220.9,0.0,0.0,1.6,0,0.0,,,,42,59
2026-09-30T01:49:45+00:00,327.7,1,16.1,32.1,1,44.6,100,13,155.8,1,140.8,1282,6910,308.8,5.3,35.8,7.6,3.9,0.0,220.9,0.0,0.0,1.6,0,0.0,,,,42,59
2026-09-30T01:49:48+00:00,330.8,1,16.1,28.5,1,70.1,100,13,156.0,1,166.9,1295,6897,308.8,5.3,35.8,7.6,3.9,0.0,220.9,0.0,0.0,1.6,0,0.0,,,,42,59
2026-09-30T01:49:51+00:00,333.8,1,16.1,29.5,1,70.7,100,13,156.0,1,156.6,1217,6975,308.8,5.3,35.8,7.6,3.9,0.0,220.9,0.0,0.0,1.6,0,0.0,,,,42,59
2026-09-30T01:49:54+00:00,336.9,1,16.1,28.6,1,71.0,100,13,156.0,1,177.9,1219,6973,308.8,5.3,35.8,7.6,3.9,0.0,220.9,0.0,0.0,1.6,0,0.0,,,,42,59
2026-09-30T01:49:57+00:00,339.9,1,16.1,29.5,1,48.7,100,13,156.0,1,159.2,1250,6942,308.8,5.3,35.8,7.6,3.9,0.0,220.9,0.0,0.0,1.6,0,0.0,,,,42,59
2026-09-30T01:50:00+00:00,343.0,1,16.1,28.1,1,69.2,100,13,156.0,1,169.7,1263,6929,308.8,5.3,35.8,7.6,3.9,0.0,220.9,0.0,0.0,1.6,0,0.0,,,,42,59
2026-09-30T01:50:03+00:00,346.1,1,16.1,26.3,1,69.5,100,13,156.0,1,177.5,1278,6914,308.8,5.3,35.8,7.6,3.9,0.0,220.9,0.0,0.0,1.6,0,0.0,,,,42,59
2026-09-30T01:50:06+00:00,349.1,1,16.1,27.2,1,69.0,100,13,156.0,1,160.5,1263,6929,308.8,5.3,35.8,7.6,3.9,0.0,220.9,0.0,0.0,1.6,0,0.0,,,,42,59
2026-09-30T01:50:09+00:00,352.2,1,16.1,28.5,1,51.4,100,13,156.0,1,176.7,1241,6951,308.8,5.3,35.8,7.6,3.9,0.0,220.9,0.0,0.0,1.6,0,0.0,,,,42,59
2026-09-30T01:50:12+00:00,355.2,1,16.1,30.1,1,71.9,100,13,156.0,1,81.6,1219,6973,308.8,5.3,35.8,7.6,3.9,0.0,220.9,0.0,0.0,1.6,0,0.0,,,,42,59
2026-09-30T01:50:15+00:00,358.3,1,16.1,27.5,1,70.8,100,13,156.0,1,89.3,1228,6964,308.8,5.3,35.8,7.6,3.9,0.0,220.9,0.0,0.0,1.6,0,0.0,,,,42,59
2026-09-30T01:50:18+00:00,361.4,1,16.1,31.0,1,69.5,100,13,156.0,1,175.8,1273,6919,308.8,5.3,35.8,7.6,3.9,0.0,220.9,0.0,0.0,1.6,0,0.0,,,,42,59
2026-09-30T01:50:21+00:00,364.4,1,16.1,29.2,1,70.9,100,13,156.0,1,175.1,1270,6922,308.8,5.3,35.8,7.6,3.9,0.0,220.9,0.0,0.0,1.6,0,0.0,,,,42,59
2026-09-30T01:50:24+00:00,367.5,1,16.1,27.7,1,67.4,100,13,156.0,1,178.5,1263,6929,308.8,5.3,35.8,7.6,3.9,0.0,220.9,0.0,0.0,1.6,0,0.0,,,,42,59
2026-09-30T01:50:27+00:00,370.5,1,16.1,29.0,1,49.2,100,13,155.1,1,84.3,1228,6964,308.8,5.3,35.8,7.6,3.9,0.0,220.9,0.0,0.0,1.6,0,0.0,,,,42,59
2026-09-30T01:50:30+00:00,373.5,1,16.1,30.3,1,68.3,100,13,156.0,1,168.5,1209,6983,308.8,5.3,35.8,7.6,3.9,0.0,220.9,0.0,0.0,1.6,0,0.0,,,,42,59
2026-09-30T01:50:33+00:00,376.6,1,16.1,27.9,1,66.7,100,13,156.0,1,168.7,1239,6953,308.9,5.3,35.8,7.6,3.9,0.0,220.9,0.0,0.0,1.6,0,0.0,,,,42,59
2026-09-30T01:50:37+00:00,379.7,1,16.1,28.3,1,49.4,100,13,156.0,1,171.4,1242,6950,308.9,5.3,35.8,7.6,3.9,0.0,220.9,0.0,0.0,1.6,0,0.0,,,,42,59
2026-09-30T01:50:40+00:00,382.7,1,16.1,29.2,1,50.5,100,13,156.0,1,92.5,1221,6971,308.9,5.3,35.8,7.6,3.9,0.0,221.0,0.0,0.0,1.6,0,0.0,,,,42,59
2026-09-30T01:50:43+00:00,385.8,1,16.1,28.6,1,72.3,100,13,156.0,1,178.0,1242,6950,308.9,5.3,35.8,7.6,3.9,0.0,221.0,0.0,0.0,1.6,0,0.0,,,,42,59
2026-09-30T01:50:46+00:00,388.8,1,16.1,29.8,1,71.1,100,13,156.0,1,171.0,1262,6930,308.9,5.3,35.8,7.6,3.9,0.0,221.0,0.0,0.0,1.6,0,0.0,,,,42,59
2026-09-30T01:50:49+00:00,391.9,1,16.1,27.0,1,71.5,100,13,156.0,1,177.0,1261,6931,308.9,5.3,35.8,7.6,3.9,0.0,221.0,0.0,0.0,1.6,0,0.0,,,,42,59
2026-09-30T01:50:52+00:00,394.9,1,16.1,29.8,1,71.8,100,13,156.0,1,172.7,1264,6928,308.9,5.3,35.8,7.6,3.9,0.0,221.0,0.0,0.0,1.6,0,0.0,,,,42,59
2026-09-30T01:50:55+00:00,398.0,1,16.1,28.7,1,65.1,100,13,156.0,1,172.6,1268,6924,308.9,5.3,35.8,7.6,3.9,0.0,221.0,0.0,0.0,1.6,0,0.0,,,,42,59
2026-09-30T01:50:58+00:00,401.0,1,16.1,27.1,1,69.7,100,13,156.0,1,161.8,1249,6943,308.9,5.3,35.8,7.6,3.9,0.0,221.0,0.0,0.0,1.6,0,0.0,,,,42,59
2026-09-30T01:51:01+00:00,404.1,1,16.1,28.9,1,67.6,100,13,156.0,1,171.4,1273,6919,309.3,5.3,35.8,7.6,3.9,0.0,221.4,0.0,0.0,1.6,0,0.0,,,,42,59
2026-09-30T01:51:04+00:00,407.1,1,16.1,29.9,1,59.8,100,13,156.0,1,103.4,1260,6932,309.7,5.3,35.8,7.6,3.9,0.0,221.8,0.0,0.0,1.6,0,0.0,,,,42,59
2026-09-30T01:51:07+00:00,410.2,1,16.1,28.2,1,52.8,100,13,156.0,1,178.6,1275,6917,309.7,5.3,35.8,7.6,3.9,0.0,221.8,0.0,0.0,1.6,0,0.0,,,,42,59
2026-09-30T01:51:10+00:00,413.2,1,16.1,28.3,1,59.7,100,13,156.0,1,177.6,1269,6923,310.1,5.3,35.8,7.6,3.9,0.0,222.2,0.0,0.0,1.6,0,0.0,,,,42,59
2026-09-30T01:51:13+00:00,416.3,1,16.1,33.0,1,55.7,100,13,155.9,1,174.8,1308,6884,310.5,5.3,35.8,7.6,3.9,0.0,222.6,0.0,0.0,1.6,0,0.0,,,,42,59
2026-09-30T01:51:16+00:00,419.3,1,16.1,30.0,1,43.5,100,13,155.9,1,172.5,1243,6949,310.5,5.3,35.8,7.6,3.9,0.0,222.6,0.0,0.0,1.6,0,0.0,,,,42,59
2026-09-30T01:51:19+00:00,422.4,1,16.1,51.5,1,33.5,100,13,480.0,1,112.0,1419,6773,310.9,5.3,35.8,7.6,3.9,0.1,223.0,0.0,0.0,1.6,0,0.0,2,,,40,59
2026-09-30T01:51:22+00:00,425.5,1,16.1,37.1,1,70.0,100,13,203.0,1,176.5,1534,6658,311.3,5.3,35.8,7.6,3.9,0.1,223.4,0.0,0.0,1.6,0,0.0,2,,,40,59
2026-09-30T01:51:25+00:00,428.5,1,16.1,30.1,1,70.1,100,13,203.1,1,172.5,1560,6632,311.7,5.3,35.8,7.6,3.9,0.1,223.8,0.0,0.0,1.6,0,0.0,2,,,40,59
2026-09-30T01:51:28+00:00,431.6,1,16.1,26.2,1,70.2,100,13,179.0,1,179.8,1574,6618,312.1,5.3,35.8,7.6,3.9,0.1,224.1,0.0,0.0,1.6,0,0.0,2,,,40,59
2026-09-30T01:51:32+00:00,434.6,1,16.1,27.0,1,70.2,100,13,179.1,1,180.4,1569,6623,312.1,5.3,35.8,7.6,3.9,0.1,224.1,0.0,0.0,1.6,0,0.0,2,,,40,59
2026-09-30T01:51:35+00:00,437.7,1,16.1,28.1,1,71.2,100,13,158.3,1,177.8,1549,6643,312.5,5.3,35.8,7.6,3.9,0.1,224.5,0.0,0.0,1.6,0,0.0,2,,,40,59
2026-09-30T01:51:38+00:00,440.8,1,16.1,30.8,1,54.5,100,13,158.2,1,181.3,1606,6586,312.8,5.3,35.8,7.6,3.9,0.1,224.9,0.0,0.0,1.6,0,0.0,2,,,40,59
2026-09-30T01:51:41+00:00,443.8,1,16.1,29.4,1,73.2,100,13,157.7,1,179.5,1604,6588,312.8,5.3,35.8,7.6,3.9,0.1,224.9,0.0,0.0,1.6,0,0.0,2,,,40,59
2026-09-30T01:51:44+00:00,446.9,1,16.1,29.4,1,72.4,100,13,157.7,1,181.1,1536,6656,312.8,5.3,35.8,7.6,3.9,0.1,224.9,0.0,0.0,1.6,0,0.0,2,,,40,59
2026-09-30T01:51:47+00:00,449.9,1,16.1,28.7,1,71.6,100,13,157.8,1,176.9,1448,6744,312.8,5.3,35.8,7.6,3.9,0.1,224.9,0.0,0.0,1.6,0,0.0,2,,,40,59
2026-09-30T01:51:50+00:00,453.0,1,16.1,36.0,1,73.3,100,13,157.8,1,81.9,1380,6812,312.8,5.3,35.8,7.6,3.9,0.1,224.9,0.0,0.0,1.6,0,0.0,2,,,40,59
2026-09-30T01:51:53+00:00,456.0,1,16.1,33.9,1,70.5,100,13,157.7,1,177.5,1362,6830,312.8,5.3,35.8,7.6,3.9,0.1,224.9,0.0,0.0,1.6,0,0.0,2,,,40,59
2026-09-30T01:51:56+00:00,459.1,1,16.1,29.5,1,68.2,100,13,157.8,1,166.8,1363,6829,312.8,5.3,35.8,7.6,3.9,0.1,224.9,0.0,0.0,1.6,0,0.0,2,,,40,59
2026-09-30T01:51:59+00:00,462.2,1,16.1,27.5,1,70.2,100,13,157.8,1,149.5,1382,6810,312.8,5.3,35.8,7.6,3.9,0.1,224.9,0.0,0.0,1.6,0,0.0,2,,,40,59
2026-09-30T01:52:02+00:00,465.2,1,16.1,29.5,1,50.5,100,13,157.8,1,174.8,1346,6846,312.8,5.3,35.8,7.6,3.9,0.1,224.9,0.0,0.0,1.6,0,0.0,2,,,40,59
2026-09-30T01:52:05+00:00,468.2,1,14.2,45.6,1,28.2,100,13,458.0,1,163.4,1196,6996,312.9,5.3,35.8,7.6,3.9,0.1,224.9,0.0,0.0,1.6,8,491.9,,,2,40,59
2026-09-30T01:52:08+00:00,471.3,1,16.1,99.1,1,42.8,100,13,399.4,1,67.0,1384,6808,312.9,5.3,35.8,7.6,3.9,0.1,224.9,0.1,0.0,1.7,8,871.5,,16,8,16,61
2026-09-30T01:52:11+00:00,474.4,1,16.1,98.9,1,67.8,100,13,568.5,1,84.5,1523,6669,313.1,5.3,35.8,7.6,3.9,0.1,224.9,0.1,0.0,1.8,7,271.4,,2,6,16,77
2026-09-30T01:52:14+00:00,477.5,1,16.1,71.9,1,46.6,100,13,523.6,1,158.7,1592,6600,313.1,5.3,35.8,7.6,3.9,0.1,224.9,0.1,0.0,1.8,0,0.0,,,,16,85
2026-09-30T01:52:17+00:00,480.5,1,16.1,29.9,1,47.1,100,13,523.6,1,161.2,1537,6655,313.1,5.3,35.8,7.6,3.9,0.1,224.9,0.1,0.0,1.8,0,0.0,,,,16,85
2026-09-30T01:52:20+00:00,483.6,1,16.1,26.4,1,70.7,100,13,523.6,1,179.2,1549,6643,313.1,5.3,35.8,7.6,3.9,0.1,224.9,0.1,0.0,1.8,0,0.0,,,,16,85
2026-09-30T01:52:24+00:00,486.6,1,16.1,29.1,1,71.1,100,13,515.7,1,179.2,1639,6553,313.1,5.3,35.8,7.6,3.9,0.1,224.9,0.1,0.0,1.8,0,0.0,,,,16,85
2026-09-30T01:52:27+00:00,489.7,1,16.1,29.3,1,71.1,100,13,453.5,1,179.2,1646,6546,313.1,5.3,35.8,7.6,3.9,0.1,224.9,0.1,0.0,1.8,0,0.0,,,,16,85
2026-09-30T01:52:30+00:00,492.7,1,16.1,28.1,1,71.3,100,13,403.2,1,179.2,1657,6535,313.1,5.3,35.8,7.6,3.9,0.1,224.9,0.1,0.0,1.8,0,0.0,,,,16,85
2026-09-30T01:52:33+00:00,495.8,1,16.1,32.2,1,71.2,100,13,231.9,1,179.2,1587,6605,313.1,5.3,35.8,7.6,3.9,0.1,224.9,0.1,0.0,1.8,0,0.0,,,,16,85
2026-09-30T01:52:36+00:00,498.9,1,16.1,29.9,1,70.4,100,13,203.9,1,178.0,1543,6649,313.1,5.3,35.8,7.6,3.9,0.1,224.9,0.1,0.0,1.8,0,0.0,,,,16,85
2026-09-30T01:52:39+00:00,502.0,1,16.1,29.4,1,54.7,100,13,203.9,1,162.3,1518,6674,313.1,5.3,35.8,7.6,3.9,0.1,224.9,0.1,0.0,1.8,0,0.0,,,,16,85
2026-09-30T01:52:42+00:00,505.0,1,16.1,31.7,1,73.7,100,13,158.5,1,179.3,1499,6693,313.1,5.3,35.8,7.6,3.9,0.1,224.9,0.1,0.0,1.8,0,0.0,,,,16,85
2026-09-30T01:52:45+00:00,508.1,1,16.1,45.1,1,63.3,100,13,158.0,1,73.3,1435,6757,313.1,5.3,35.8,7.6,3.9,0.1,224.9,0.1,0.0,1.8,0,0.0,,,,16,85
2026-09-30T01:52:48+00:00,511.2,1,16.1,30.2,1,49.3,100,13,158.0,1,76.1,1427,6765,313.1,5.3,35.8,7.6,3.9,0.1,224.9,0.1,0.0,1.8,0,0.0,,,,16,85
2026-09-30T01:52:51+00:00,514.2,1,16.1,30.2,1,68.8,100,13,158.0,1,180.4,1481,6711,313.1,5.3,35.8,7.6,3.9,0.1,224.9,0.1,0.0,1.8,0,0.0,,,,16,85
2026-09-30T01:52:54+00:00,517.3,1,16.1,53.9,1,36.5,100,13,270.6,1,165.7,1244,6948,313.1,5.3,35.8,7.6,3.9,0.1,224.9,0.1,0.0,1.8,8,655.3,,,8,8,85
2026-09-30T01:52:57+00:00,520.4,1,16.1,98.5,1,28.0,100,13,267.3,1,77.0,1242,6950,313.1,5.3,35.8,7.6,3.9,0.1,224.9,0.1,0.0,1.8,8,924.7,,,,8,93
2026-09-30T01:53:00+00:00,523.4,1,16.1,99.5,1,63.0,100,13,535.3,1,77.1,1440,6752,313.2,5.3,35.8,7.7,3.9,0.1,224.9,0.1,0.0,1.8,8,581.4,,,,8,93
2026-09-30T01:53:03+00:00,526.6,1,16.1,99.4,1,37.6,100,14,490.0,1,76.3,1406,6786,313.3,5.3,35.8,7.7,3.9,0.1,224.9,0.1,0.0,1.8,6,450.3,,,,8,93
2026-09-30T01:53:07+00:00,529.6,1,16.1,99.8,1,15.0,100,13,432.6,1,62.0,1317,6875,313.4,5.3,35.8,7.8,3.9,0.1,224.9,0.1,0.0,1.9,8,763.0,,,,8,93
2026-09-30T01:53:10+00:00,532.8,1,16.1,99.4,1,50.8,100,13,550.0,1,40.8,1457,6735,313.6,5.3,35.8,7.8,3.9,0.1,224.9,0.1,0.0,2.0,8,380.7,,,,8,93
2026-09-30T01:53:13+00:00,535.9,1,16.1,69.0,1,71.9,100,13,488.8,1,175.3,1561,6631,313.6,5.3,35.8,7.8,3.9,0.1,224.9,0.1,0.0,2.1,0,0.0,,,,8,93
2026-09-30T01:53:16+00:00,538.9,1,16.1,31.8,1,67.8,100,13,456.2,1,175.3,1619,6573,313.6,5.3,35.8,7.8,3.9,0.1,224.9,0.1,0.0,2.1,0,0.0,,,,8,93
2026-09-30T01:53:19+00:00,542.0,1,16.1,28.0,1,72.9,100,13,399.5,1,170.8,1609,6583,313.6,5.3,35.8,7.8,3.9,0.1,224.9,0.1,0.0,2.1,0,0.0,,,,8,93
2026-09-30T01:53:22+00:00,545.0,1,16.1,26.5,1,73.1,100,13,399.0,1,179.5,1624,6568,313.6,5.3,35.8,7.8,3.9,0.1,224.9,0.1,0.0,2.1,0,0.0,,,,8,93
2026-09-30T01:53:25+00:00,548.0,1,16.1,28.5,1,73.4,100,13,399.0,1,179.5,1656,6536,313.6,5.3,35.8,7.8,3.9,0.1,224.9,0.1,0.0,2.1,0,0.0,,,,8,93
2026-09-30T01:53:28+00:00,551.1,1,16.1,28.2,1,73.4,100,13,383.1,1,179.5,1654,6538,313.6,5.3,35.8,7.8,3.9,0.1,224.9,0.1,0.0,2.1,0,0.0,,,,8,93
2026-09-30T01:53:31+00:00,554.2,1,16.1,27.7,1,73.5,100,13,312.0,1,179.5,1660,6532,313.6,5.3,35.8,7.8,3.9,0.1,224.9,0.1,0.0,2.1,0,0.0,,,,8,93
2026-09-30T01:53:34+00:00,557.2,1,16.1,27.7,1,73.5,100,13,312.0,1,179.5,1650,6542,313.6,5.3,35.8,7.8,3.9,0.1,224.9,0.1,0.0,2.1,0,0.0,,,,8,93
2026-09-30T01:53:37+00:00,560.3,1,16.1,30.1,1,70.7,100,13,228.2,1,180.3,1735,6457,313.7,5.3,35.8,7.8,3.9,0.1,224.9,0.1,0.0,2.1,0,0.0,,,,8,93
2026-09-30T01:53:40+00:00,563.4,1,16.1,27.4,1,69.8,100,13,228.3,1,180.3,1730,6462,313.7,5.3,35.8,7.8,3.9,0.1,224.9,0.1,0.0,2.1,0,0.0,,,,8,93
2026-09-30T01:53:43+00:00,566.4,1,16.1,33.6,1,74.7,100,13,160.3,1,180.6,1656,6536,313.7,5.3,35.8,7.8,3.9,0.1,225.0,0.1,0.0,2.1,0,0.0,,,,8,93
2026-09-30T01:53:46+00:00,569.5,1,16.1,32.9,1,69.6,100,13,160.0,1,175.7,1547,6645,313.7,5.3,35.8,7.8,3.9,0.1,225.0,0.1,0.0,2.1,0,0.0,,,,8,93
2026-09-30T01:53:49+00:00,572.5,1,16.1,29.3,1,73.7,100,13,159.9,1,88.7,1509,6683,313.7,5.3,35.8,7.8,3.9,0.1,225.0,0.1,0.0,2.1,0,0.0,,,,8,93
2026-09-30T01:53:53+00:00,575.6,1,16.1,26.7,1,73.5,100,13,159.9,1,180.1,1522,6670,313.7,5.3,35.8,7.8,3.9,0.1,225.0,0.1,0.0,2.1,0,0.0,,,,8,93
2026-09-30T01:53:56+00:00,578.6,1,16.1,28.4,1,73.8,100,13,159.9,1,180.1,1527,6665,313.8,5.3,35.8,7.8,3.9,0.1,225.0,0.1,0.0,2.1,0,0.0,,,,8,93
2026-09-30T01:53:59+00:00,581.7,1,16.1,27.0,1,71.8,100,13,159.8,1,180.0,1538,6654,313.8,5.3,35.8,7.8,3.9,0.1,225.0,0.1,0.0,2.1,0,0.0,,,,8,93
2026-09-30T01:54:02+00:00,584.8,1,16.1,28.1,1,71.5,100,13,159.8,1,179.1,1528,6664,313.8,5.3,35.8,7.8,3.9,0.1,225.0,0.1,0.0,2.1,0,0.0,,,,8,93
2026-09-30T01:54:05+00:00,587.8,1,16.1,27.7,1,71.5,100,13,159.8,1,178.8,1523,6669,313.8,5.3,35.8,7.8,3.9,0.1,225.0,0.1,0.0,2.1,0,0.0,,,,8,93
2026-09-30T01:54:08+00:00,590.9,1,16.1,26.8,1,70.9,100,13,159.8,1,180.3,1540,6652,313.8,5.3,35.8,7.8,3.9,0.1,225.1,0.1,0.0,2.1,0,0.0,,,,8,93
2026-09-30T01:54:11+00:00,593.9,1,16.1,28.3,1,70.1,100,13,159.8,1,180.3,1533,6659,313.8,5.3,35.8,7.8,3.9,0.1,225.1,0.1,0.0,2.1,0,0.0,,,,8,93
2026-09-30T01:54:14+00:00,597.0,1,16.1,28.8,1,73.8,100,13,159.8,1,180.3,1539,6653,313.8,5.3,35.8,7.8,3.9,0.1,225.1,0.1,0.0,2.1,0,0.0,,,,8,93
2026-09-30T01:54:17+00:00,600.1,1,16.1,28.0,1,73.4,100,13,159.8,1,179.5,1534,6658,313.8,5.3,35.8,7.8,3.9,0.1,225.1,0.1,0.0,2.1,0,0.0,,,,8,93
2026-09-30T01:54:20+00:00,603.1,1,16.1,28.2,1,73.9,100,13,159.8,1,174.0,1495,6697,314.0,5.3,35.8,7.8,3.9,0.1,225.2,0.1,0.0,2.1,0,0.0,,,,8,93
2026-09-30T01:54:23+00:00,606.2,1,16.1,26.0,1,74.0,100,13,159.8,1,180.0,1526,6666,314.3,5.3,35.8,7.8,3.9,0.1,225.6,0.1,0.0,2.1,0,0.0,,,,8,93
2026-09-30T01:54:26+00:00,609.3,1,16.1,28.4,1,74.1,100,13,159.8,1,180.0,1512,6680,314.7,5.3,35.8,7.8,3.9,0.1,226.0,0.1,0.0,2.1,0,0.0,,,,8,93
2026-09-30T01:54:29+00:00,612.3,1,16.1,26.3,1,74.1,100,13,159.8,1,180.1,1530,6662,315.1,5.3,35.8,7.8,3.9,0.1,226.4,0.1,0.0,2.1,0,0.0,,,,8,93
2026-09-30T01:54:32+00:00,615.4,1,16.1,27.2,1,74.2,100,13,159.8,1,180.1,1525,6667,315.5,5.3,35.8,7.8,3.9,0.1,226.8,0.1,0.0,2.1,0,0.0,,,,8,93
2026-09-30T01:54:35+00:00,618.4,1,16.1,26.8,1,74.2,100,13,159.8,1,180.6,1522,6670,315.9,5.3,35.8,7.8,3.9,0.1,227.1,0.1,0.0,2.1,0,0.0,,,,8,93
2026-09-30T01:54:38+00:00,621.5,1,16.1,28.8,1,69.4,100,13,159.8,1,158.0,1474,6718,315.9,5.3,35.8,7.8,3.9,0.1,227.1,0.1,0.0,2.1,0,0.0,,,,8,93
2026-09-30T01:54:41+00:00,624.6,1,16.1,27.8,1,68.6,100,13,159.8,1,178.8,1507,6685,316.3,5.3,35.8,7.8,3.9,0.1,227.5,0.1,0.0,2.1,0,0.0,,,,8,93
2026-09-30T01:54:45+00:00,627.6,1,16.1,30.8,1,73.9,100,13,159.8,1,181.7,1441,6751,316.7,5.3,35.8,7.8,3.9,0.1,227.9,0.1,0.0,2.1,0,0.0,,,,8,93
2026-09-30T01:54:48+00:00,630.7,1,16.1,38.8,1,63.5,100,13,159.8,1,143.8,1415,6777,316.7,5.3,35.8,7.8,3.9,0.1,227.9,0.1,0.0,2.1,0,0.0,,,,8,93
2026-09-30T01:54:51+00:00,633.7,1,16.1,31.1,1,69.3,100,13,159.8,1,180.1,1399,6793,317.4,5.3,35.8,7.8,3.9,0.1,228.7,0.1,0.0,2.1,0,0.0,,,,8,93
2026-09-30T01:54:54+00:00,636.8,1,16.1,31.3,1,72.2,100,13,159.8,1,179.9,1415,6777,317.4,5.3,35.8,7.8,3.9,0.1,228.7,0.1,0.0,2.1,0,0.0,,,,8,93
2026-09-30T01:54:57+00:00,639.8,1,16.1,29.3,1,72.2,100,13,159.8,1,176.1,1414,6778,317.8,5.3,35.8,7.8,3.9,0.1,229.1,0.1,0.0,2.1,0,0.0,,,,8,93
2026-09-30T01:55:00+00:00,642.9,1,16.1,28.7,1,50.7,100,13,159.7,1,102.4,1368,6824,318.2,5.3,35.8,7.8,3.9,0.1,229.5,0.1,0.0,2.1,0,0.0,,,,8,93
2026-09-30T01:55:03+00:00,645.9,1,16.1,28.2,1,69.3,100,13,159.9,1,78.7,1381,6811,318.6,5.3,35.8,7.8,3.9,0.1,229.9,0.1,0.0,2.1,0,0.0,,,,8,93
2026-09-30T01:55:06+00:00,649.0,1,16.1,30.5,1,68.5,100,13,159.8,1,178.8,1378,6814,319.0,5.3,35.8,7.8,3.9,0.1,230.3,0.1,0.0,2.1,0,0.0,,,,8,93
2026-09-30T01:55:09+00:00,652.1,1,16.1,28.0,1,68.5,100,13,159.9,1,178.7,1380,6812,319.0,5.3,35.8,7.8,3.9,0.1,230.3,0.1,0.0,2.1,0,0.0,,,,8,93
2026-09-30T01:55:12+00:00,655.1,1,16.1,30.5,1,66.9,100,13,159.9,1,177.8,1402,6790,319.4,5.3,35.8,7.8,3.9,0.1,230.7,0.1,0.0,2.1,0,0.0,,,,8,93
2026-09-30T01:55:15+00:00,658.2,1,16.1,28.0,1,73.6,100,13,159.8,1,173.2,1418,6774,319.9,5.3,35.8,7.8,3.9,0.1,231.1,0.1,0.0,2.1,0,0.0,,,,8,93
2026-09-30T01:55:18+00:00,661.2,1,16.1,28.3,1,72.7,100,13,159.8,1,164.6,1415,6777,319.9,5.3,35.8,7.8,3.9,0.1,231.1,0.1,0.0,2.1,0,0.0,,,,8,93
2026-09-30T01:55:21+00:00,664.3,1,16.1,27.5,1,69.7,100,13,159.8,1,182.1,1380,6812,320.7,5.3,35.8,7.8,3.9,0.1,231.9,0.1,0.0,2.1,0,0.0,,,,8,93
2026-09-30T01:55:24+00:00,667.3,1,16.1,27.4,1,71.9,100,13,159.9,1,180.8,1366,6826,320.9,5.3,35.8,7.8,3.9,0.1,232.1,0.1,0.0,2.1,0,0.0,,,,8,93
2026-09-30T01:55:27+00:00,670.4,1,16.1,27.1,1,71.5,100,13,159.9,1,182.2,1369,6823,321.5,5.3,35.8,7.8,3.9,0.1,232.7,0.1,0.0,2.1,0,0.0,,,,8,93
2026-09-30T01:55:30+00:00,673.4,1,16.1,27.9,1,69.3,100,13,159.9,1,178.6,1358,6834,321.5,5.3,35.8,7.8,3.9,0.1,232.7,0.1,0.0,2.1,0,0.0,,,,8,93
2026-09-30T01:55:33+00:00,676.5,1,16.1,28.3,1,71.8,100,13,159.9,1,169.3,1355,6837,321.9,5.3,35.8,7.8,3.9,0.1,233.1,0.1,0.0,2.1,0,0.0,,,,8,93
2026-09-30T01:55:36+00:00,679.6,1,16.1,28.9,1,69.0,100,13,159.9,1,180.4,1392,6800,322.3,5.3,35.8,7.8,3.9,0.1,233.5,0.1,0.0,2.1,0,0.0,,,,8,93
2026-09-30T01:55:40+00:00,682.6,1,16.1,26.8,1,56.6,100,13,159.9,1,180.3,1381,6811,322.7,5.3,35.8,7.8,3.9,0.1,234.0,0.1,0.0,2.1,0,0.0,,,,8,93
2026-09-30T01:55:43+00:00,685.7,1,16.1,27.7,1,52.0,100,13,159.9,1,180.4,1385,6807,323.1,5.3,35.8,7.8,3.9,0.1,234.4,0.1,0.0,2.1,0,0.0,,,,8,93
2026-09-30T01:55:46+00:00,688.7,1,16.1,28.4,1,73.6,100,13,159.9,1,179.5,1398,6794,323.1,5.3,35.8,7.8,3.9,0.1,234.4,0.1,0.0,2.1,0,0.0,,,,8,93
2026-09-30T01:55:49+00:00,691.8,1,16.1,28.5,1,73.5,100,13,159.8,1,179.0,1386,6806,323.6,5.3,35.8,7.8,3.9,0.1,234.8,0.1,0.0,2.1,0,0.0,,,,8,93
2026-09-30T01:55:52+00:00,694.9,1,16.1,27.4,1,74.3,100,13,159.8,1,180.6,1365,6827,324.0,5.3,35.8,7.8,3.9,0.1,235.2,0.1,0.0,2.1,0,0.0,,,,8,93
2026-09-30T01:55:55+00:00,697.9,1,16.1,28.1,1,74.9,100,13,159.8,1,180.4,1366,6826,324.4,5.3,35.8,7.8,3.9,0.1,235.7,0.1,0.0,2.1,0,0.0,,,,8,93
2026-09-30T01:55:58+00:00,701.0,1,16.1,28.1,1,63.1,100,13,159.8,1,180.3,1384,6808,324.9,5.3,35.8,7.8,3.9,0.1,236.1,0.1,0.0,2.1,0,0.0,,,,8,93
2026-09-30T01:56:01+00:00,704.0,1,16.1,28.6,1,59.1,100,13,159.8,1,174.1,1396,6796,324.9,5.3,35.8,7.8,3.9,0.1,236.1,0.1,0.0,2.1,0,0.0,,,,8,93
2026-09-30T01:56:04+00:00,707.1,1,16.1,29.5,1,65.0,100,13,159.7,1,154.8,1373,6819,325.3,5.3,35.8,7.8,3.9,0.1,236.6,0.1,0.0,2.1,0,0.0,,,,8,93
2026-09-30T01:56:07+00:00,710.2,1,16.1,28.3,1,57.6,100,13,159.8,1,140.1,1361,6831,325.7,5.3,35.8,7.8,3.9,0.1,237.0,0.1,0.0,2.1,0,0.0,,,,8,93
2026-09-30T01:56:10+00:00,713.2,1,16.1,28.4,1,54.6,100,13,159.8,1,121.6,1350,6842,326.2,5.3,35.8,7.8,3.9,0.1,237.5,0.1,0.0,2.1,0,0.0,,,,8,93
2026-09-30T01:56:13+00:00,716.3,1,16.1,29.7,1,48.5,100,13,159.8,1,179.4,1397,6795,326.6,5.3,35.8,7.8,3.9,0.1,237.9,0.1,0.0,2.1,0,0.0,,,,8,93
2026-09-30T01:56:16+00:00,719.3,1,16.1,27.7,1,72.0,100,13,159.8,1,176.4,1395,6797,326.6,5.3,35.8,7.8,3.9,0.1,237.9,0.1,0.0,2.1,0,0.0,,,,8,93
2026-09-30T01:56:19+00:00,722.4,1,16.1,32.5,1,68.0,100,13,159.8,1,172.8,1285,6907,327.1,5.3,35.8,7.8,3.9,0.1,238.3,0.1,0.0,2.1,0,0.0,,,,8,93
2026-09-30T01:56:22+00:00,725.4,1,16.1,30.9,1,71.3,100,13,159.8,1,176.0,1300,6892,327.5,5.3,35.8,7.8,3.9,0.1,238.8,0.1,0.0,2.1,0,0.0,,,,8,93
2026-09-30T01:56:25+00:00,728.5,1,16.1,40.7,1,72.6,100,13,490.8,1,82.5,1309,6883,328.0,5.3,35.8,7.8,3.9,0.1,239.2,0.1,0.0,2.1,0,0.0,4,,,4,93
2026-09-30T01:56:28+00:00,731.6,1,16.1,32.1,1,62.3,100,13,331.6,1,178.0,1334,6858,328.4,5.3,35.8,7.8,3.9,0.1,239.6,0.1,0.0,2.1,0,0.0,4,,,4,93
2026-09-30T01:56:32+00:00,734.6,1,16.1,28.9,2,117.6,100,13,180.9,1,158.6,1284,6908,328.4,5.3,35.8,7.8,3.9,0.1,239.6,0.1,0.0,2.1,0,0.0,4,,,4,93
2026-09-30T01:56:35+00:00,737.6,1,16.1,28.7,1,68.2,100,13,160.4,1,154.0,1306,6886,328.8,5.3,35.8,7.8,3.9,0.1,240.1,0.1,0.0,2.1,0,0.0,4,,,4,93
2026-09-30T01:56:38+00:00,740.7,1,16.1,30.2,1,67.9,100,13,160.3,1,176.3,1397,6795,329.3,5.3,35.8,7.8,3.9,0.1,240.5,0.1,0.0,2.1,0,0.0,4,,,4,93
2026-09-30T01:56:41+00:00,743.8,1,16.1,29.5,1,48.2,100,13,160.3,1,169.3,1336,6856,329.7,5.3,35.8,7.8,3.9,0.1,241.0,0.1,0.0,2.1,0,0.0,4,,,4,93
2026-09-30T01:56:44+00:00,746.8,1,16.1,27.7,1,50.5,100,13,160.4,1,179.3,1289,6903,330.1,5.3,35.8,7.8,3.9,0.1,241.4,0.1,0.0,2.1,0,0.0,4,,,4,93
2026-09-30T01:56:47+00:00,749.9,1,16.1,28.8,1,71.5,100,13,160.4,1,179.2,1307,6885,330.6,5.3,35.8,7.8,3.9,0.1,241.8,0.1,0.0,2.1,0,0.0,4,,,4,93
2026-09-30T01:56:50+00:00,752.9,1,16.1,27.8,1,72.2,100,13,160.3,1,179.8,1292,6900,331.0,5.3,35.8,7.8,3.9,0.1,242.3,0.1,0.0,2.1,0,0.0,4,,,4,93
2026-09-30T01:56:53+00:00,756.0,1,16.1,27.5,1,74.6,100,13,160.3,1,179.4,1297,6895,331.0,5.3,35.8,7.8,3.9,0.1,242.3,0.1,0.0,2.1,0,0.0,4,,,4,93
2026-09-30T01:56:56+00:00,759.0,1,12.3,45.4,1,30.4,100,13,493.1,1,81.7,1213,6979,331.5,5.3,35.8,7.8,3.9,0.1,242.7,0.1,0.0,2.1,8,383.6,,,4,4,93
2026-09-30T01:56:59+00:00,762.1,1,16.1,81.7,1,47.1,100,13,562.9,1,76.0,1686,6506,331.5,5.3,35.8,7.8,3.9,0.1,242.8,0.1,0.0,2.1,0,0.0,,,,,101
2026-09-30T01:57:02+00:00,765.2,1,16.1,27.4,1,69.5,100,13,562.9,1,178.3,1605,6587,332.0,5.3,35.8,7.8,3.9,0.1,243.2,0.1,0.0,2.1,0,0.0,,,,,101
2026-09-30T01:57:05+00:00,768.3,1,16.1,30.2,1,69.5,100,13,482.6,1,179.0,1733,6459,332.4,5.3,35.8,7.8,3.9,0.1,243.6,0.1,0.0,2.1,0,0.0,,,,,101
2026-09-30T01:57:08+00:00,771.3,1,16.1,29.5,1,69.5,100,13,475.9,1,179.1,1735,6457,332.4,5.3,35.8,7.8,3.9,0.1,243.6,0.1,0.0,2.1,0,0.0,,,,,101
2026-09-30T01:57:11+00:00,774.4,1,16.1,27.3,1,69.2,100,13,383.0,1,179.4,1734,6458,332.8,5.3,35.8,7.8,3.9,0.1,244.0,0.1,0.0,2.1,0,0.0,,,,,101
2026-09-30T01:57:14+00:00,777.4,1,16.1,33.8,1,73.0,100,13,239.1,1,176.7,1709,6483,333.3,5.3,35.8,7.8,3.9,0.1,244.5,0.1,0.0,2.1,0,0.0,,,,,101
2026-09-30T01:57:17+00:00,780.5,1,16.1,31.6,1,73.0,100,13,236.8,1,179.5,1640,6552,333.7,5.3,35.8,7.8,3.9,0.1,244.9,0.1,0.0,2.1,0,0.0,,,,,101
2026-09-30T01:57:20+00:00,783.5,1,16.1,29.2,1,74.5,100,13,236.8,1,179.2,1610,6582,333.7,5.3,35.8,7.8,3.9,0.1,244.9,0.1,0.0,2.1,0,0.0,,,,,101
2026-09-30T01:57:23+00:00,786.6,1,16.1,27.8,1,74.5,100,13,236.8,1,179.3,1621,6571,334.2,5.3,35.8,7.8,3.9,0.1,245.4,0.1,0.0,2.1,0,0.0,,,,,101
2026-09-30T01:57:27+00:00,789.6,1,16.1,27.2,1,74.8,100,13,236.8,1,180.8,1610,6582,334.6,5.3,35.8,7.8,3.9,0.1,245.8,0.1,0.0,2.1,0,0.0,,,,,101
2026-09-30T01:57:30+00:00,792.7,1,16.1,71.6,1,16.8,100,13,531.3,1,90.5,1391,6801,335.0,5.3,35.8,7.8,3.9,0.1,246.2,0.1,0.0,2.1,8,602.0,,,,,101
