ts,t,api-server_n,api-server_rss_mb,cpu_pct,dag-processor_n,dag-processor_rss_mb,mapped_tis,other_n,other_rss_mb,p_apdr,p_apdr_pending,p_asset_event,p_consumer_dag_run,p_consumer_ti,p_dagrun_asset_event,p_emit_tis,p_log_rows,p_pakl,p_producer_state,run_queued,run_running,run_success,scheduler_n,scheduler_rss_mb,sys_avail_mb,sys_used_mb,sz__database_mb,sz_asset_event_mb,sz_dag_run_mb,sz_log_mb,sz_rendered_task_instance_fields_mb,sz_task_instance_history_mb,sz_task_instance_mb,sz_task_map_mb,sz_task_reschedule_mb,sz_xcom_mb,task_n,task_rss_mb,ti_none,ti_success
2026-09-30T18:36:46+00:00,0.0,1,16.0,35.1,1,59.6,0,18,290.0,0,0,0,0,0,0,"{""none"": 1}",0,0,running,,,,2,154.8,1216,6976,544.2,10.7,55.8,13.6,4.3,0.1,405.1,0.1,0.0,3.2,0,0.0,,
2026-09-30T18:36:56+00:00,10.1,1,16.0,41.4,1,46.1,0,23,432.9,500,500,500,0,0,0,"{""running"": 1, ""scheduled"": 198, ""success"": 1}",5,500,running,,,,2,164.7,1240,6952,544.6,10.7,55.8,13.6,4.3,0.1,405.2,0.1,0.0,3.5,1,59.2,,
2026-09-30T18:37:06+00:00,20.1,1,16.0,52.7,1,45.9,1000,25,560.4,1500,500,1500,1000,1000,1000,"{""running"": 1, ""scheduled"": 196, ""success"": 3}",9,1500,running,100,601,299,2,259.9,1227,6965,545.0,10.7,55.8,13.6,4.3,0.1,405.5,0.1,0.0,3.5,1,73.4,300,700
2026-09-30T18:37:17+00:00,30.2,1,16.0,54.2,1,41.6,2000,27,601.8,2500,500,2500,2000,2000,2000,"{""running"": 1, ""scheduled"": 194, ""success"": 5}",13,2500,running,100,1202,698,2,242.4,1229,6963,543.9,10.7,55.8,13.6,4.3,0.1,405.8,0.1,0.0,3.5,1,70.5,300,1700
2026-09-30T18:37:27+00:00,40.3,1,16.0,53.6,1,75.1,3000,29,623.2,3500,500,3500,3000,3000,3000,"{""running"": 1, ""scheduled"": 192, ""success"": 7}",17,3500,running,100,1802,1098,2,173.5,1229,6963,544.2,10.7,55.8,13.6,4.3,0.1,406.1,0.1,0.0,3.5,1,72.2,300,2700
2026-09-30T18:37:37+00:00,50.4,1,16.0,55.0,1,49.0,4000,30,678.2,4500,500,4500,4000,4000,4000,"{""scheduled"": 191, ""success"": 9}",20,4500,running,100,2402,1498,2,225.3,1193,6999,544.5,10.7,55.8,13.6,4.3,0.1,406.4,0.1,0.0,3.5,1,18.7,300,3700
2026-09-30T18:37:47+00:00,60.5,1,16.0,60.5,1,22.8,4500,30,479.3,5000,500,5000,4500,4500,4500,"{""running"": 1, ""scheduled"": 189, ""success"": 10}",23,5000,running,,2403,2097,2,130.3,1152,7040,544.9,10.7,55.8,13.6,4.3,0.1,406.7,0.1,0.0,3.5,1,18.7,,4500
2026-09-30T18:37:57+00:00,70.7,1,15.8,69.3,1,13.9,5500,30,397.5,5500,0,5500,5500,5500,5500,"{""running"": 1, ""scheduled"": 188, ""success"": 11}",25,5500,running,,3103,2397,2,208.2,1163,7029,545.1,10.7,55.8,13.6,4.3,0.1,406.9,0.1,0.0,3.5,1,18.6,100,5400
2026-09-30T18:38:07+00:00,80.8,1,15.8,70.7,1,42.0,6000,30,477.0,6500,500,6500,6000,6000,6000,"{""running"": 1, ""scheduled"": 186, ""success"": 13}",29,6500,running,,2803,3197,2,131.0,1233,6959,545.5,10.7,55.8,13.6,4.3,0.1,407.2,0.1,0.0,3.5,1,62.1,,6000
2026-09-30T18:38:17+00:00,90.9,1,15.7,65.4,1,45.2,7000,30,525.8,7500,500,7500,7000,7000,7000,"{""running"": 1, ""scheduled"": 184, ""success"": 15}",33,7500,running,,3203,3797,2,159.7,1224,6968,545.9,10.7,55.8,13.6,4.3,0.1,407.5,0.1,0.0,3.5,1,117.8,,7000
2026-09-30T18:38:27+00:00,100.9,1,15.7,54.9,1,70.5,8000,30,507.5,8500,500,8500,8000,8000,8000,"{""running"": 1, ""scheduled"": 182, ""success"": 17}",37,8500,running,,3604,4396,2,134.8,1252,6940,546.2,10.7,55.8,13.6,4.3,0.1,407.7,0.1,0.0,3.5,1,130.0,,8000
2026-09-30T18:38:37+00:00,111.0,1,15.7,48.7,1,29.9,9000,30,500.2,9500,500,9500,9000,9000,9000,"{""running"": 1, ""scheduled"": 180, ""success"": 19}",41,9500,running,,4104,4896,2,131.8,1208,6984,546.7,10.7,55.8,13.6,4.3,0.1,408.0,0.1,0.0,3.5,1,116.1,100,8900
2026-09-30T18:38:47+00:00,121.1,1,15.7,61.5,1,45.5,10000,30,418.8,10000,0,10000,10000,10000,10000,"{""running"": 1, ""scheduled"": 179, ""success"": 20}",43,10000,running,100,4404,5496,2,140.7,1149,7043,547.3,10.7,55.8,13.6,4.3,0.1,408.3,0.1,0.0,3.5,1,19.2,500,9500
2026-09-30T18:38:58+00:00,131.2,1,15.7,56.2,1,77.7,11000,30,467.9,11000,0,11000,11000,11000,11000,"{""running"": 1, ""scheduled"": 177, ""success"": 22}",47,11000,running,300,4804,5896,2,237.8,1266,6926,548.0,10.7,55.8,13.6,4.3,0.1,408.6,0.1,0.0,3.5,1,42.7,500,10500
2026-09-30T18:39:08+00:00,141.3,1,15.7,55.3,1,42.4,12000,30,464.4,12000,0,12000,12000,12000,12000,"{""running"": 1, ""scheduled"": 175, ""success"": 24}",51,12000,running,300,5404,6296,2,139.4,1183,7009,548.8,10.7,55.9,13.6,4.3,0.1,408.9,0.1,0.0,3.5,1,83.7,500,11500
2026-09-30T18:39:18+00:00,151.4,1,15.7,53.4,1,71.6,12500,30,450.7,13000,500,13000,12500,12500,12500,"{""scheduled"": 174, ""success"": 26}",54,13000,running,100,5404,6996,2,156.6,1211,6981,549.1,10.7,55.9,13.6,4.3,0.1,409.1,0.1,0.0,3.5,0,0.0,300,12200
2026-09-30T18:39:28+00:00,161.5,1,15.7,52.0,1,78.8,13500,30,479.0,13500,0,13500,13500,13500,13500,"{""running"": 1, ""scheduled"": 172, ""success"": 27}",57,13500,running,300,5405,7795,2,150.0,1197,6995,549.6,10.7,55.9,13.6,4.3,0.1,409.4,0.1,0.0,3.5,1,110.8,500,13000
2026-09-30T18:39:38+00:00,171.6,1,15.7,51.0,1,77.0,14500,30,537.5,15000,500,15000,14500,14500,14500,"{""running"": 1, ""scheduled"": 169, ""success"": 30}",63,15000,running,300,6005,8195,2,225.2,1248,6944,550.3,10.7,55.9,13.6,4.3,0.1,409.7,0.1,0.0,3.5,1,26.6,300,14200
2026-09-30T18:39:48+00:00,181.8,1,15.7,50.9,1,65.2,15500,30,505.9,16000,500,16000,15500,15500,15500,"{""running"": 1, ""scheduled"": 167, ""success"": 32}",67,16000,running,100,7005,8395,2,159.6,1246,6946,552.0,10.7,56.6,13.6,4.3,0.1,410.0,0.1,0.0,3.5,1,72.6,100,15400
2026-09-30T18:39:58+00:00,191.9,1,15.7,55.5,1,77.7,16500,30,425.7,16500,0,16500,16500,16500,16500,"{""running"": 1, ""scheduled"": 166, ""success"": 33}",69,16500,running,100,7605,8795,2,239.4,1217,6975,554.3,10.8,57.9,13.6,4.3,0.1,410.3,0.1,0.0,3.5,1,18.6,300,16200
2026-09-30T18:40:08+00:00,202.0,1,15.7,54.1,1,42.4,17000,30,529.4,17500,500,17500,17000,17000,17000,"{""running"": 1, ""scheduled"": 164, ""success"": 35}",73,17500,running,,7605,9395,2,148.6,1211,6981,555.3,10.9,58.3,13.6,4.3,0.1,410.5,0.1,0.0,3.5,1,125.4,,17000
2026-09-30T18:40:18+00:00,212.1,1,15.7,58.3,1,28.8,18000,30,506.5,18500,500,18500,18000,18000,18000,"{""running"": 1, ""scheduled"": 162, ""success"": 37}",77,18500,running,100,8005,9895,2,129.0,1198,6994,556.1,11.0,58.4,13.6,4.3,0.1,410.8,0.1,0.0,3.5,1,126.3,100,17900
2026-09-30T18:40:29+00:00,222.2,1,11.9,58.2,2,128.8,19000,30,492.8,19500,500,19500,19000,19000,19000,"{""running"": 1, ""scheduled"": 160, ""success"": 39}",81,19500,running,100,8605,10295,2,156.1,1214,6978,556.8,11.2,58.5,13.6,4.3,0.1,411.1,0.1,0.0,3.5,1,93.1,300,18700
2026-09-30T18:40:39+00:00,232.4,1,15.7,57.4,1,43.1,20000,30,509.1,20500,500,20500,20000,20000,20000,"{""running"": 1, ""scheduled"": 158, ""success"": 41}",85,20500,running,300,9005,10695,2,238.0,1283,6909,557.9,11.3,58.6,13.6,4.3,0.1,411.4,0.1,0.0,3.5,1,33.2,300,19700
2026-09-30T18:40:49+00:00,242.5,1,15.7,56.5,1,60.0,21000,30,467.3,21500,500,21500,21000,21000,21000,"{""scheduled"": 157, ""success"": 43}",88,21500,running,100,9908,10992,2,139.7,1264,6928,559.4,11.4,59.0,13.6,4.3,0.1,411.7,0.1,0.0,3.5,0,0.0,597,20403
2026-09-30T18:40:59+00:00,252.6,1,15.7,54.4,1,77.3,22000,30,507.2,22500,500,22500,22000,22000,22000,"{""running"": 1, ""scheduled"": 154, ""success"": 45}",93,22500,running,300,10405,11295,2,238.8,1249,6943,561.8,11.6,60.4,13.6,4.3,0.1,412.0,0.1,0.0,3.5,0,0.0,300,21700
2026-09-30T18:41:09+00:00,262.8,1,15.7,56.7,1,94.2,23000,30,513.4,23000,0,23000,23000,23000,23000,"{""running"": 1, ""scheduled"": 153, ""success"": 46}",95,23000,running,300,11205,11495,2,155.0,1271,6921,563.0,11.7,60.7,13.6,4.3,0.1,412.3,0.1,0.0,3.5,1,85.9,500,22500
2026-09-30T18:41:19+00:00,272.9,1,15.7,55.9,1,62.2,24000,30,434.7,24000,0,24000,24000,24000,24000,"{""running"": 1, ""scheduled"": 151, ""success"": 48}",99,24000,running,300,11805,11895,2,154.2,1185,7007,563.8,11.8,60.8,13.6,4.4,0.1,412.6,0.1,0.0,3.5,1,18.8,500,23500
2026-09-30T18:41:29+00:00,283.1,1,15.7,58.0,1,76.9,25000,30,434.1,25000,0,25000,25000,25000,25000,"{""running"": 1, ""scheduled"": 149, ""success"": 50}",103,25000,running,500,12405,12095,2,130.1,1224,6968,564.5,11.9,60.9,13.6,4.4,0.1,412.9,0.1,0.0,3.5,1,18.7,500,24500
2026-09-30T18:41:40+00:00,293.2,1,15.7,56.6,1,76.1,25500,30,496.4,26000,500,26000,25500,25500,25500,"{""running"": 1, ""scheduled"": 147, ""success"": 52}",107,26000,running,,13005,12495,2,141.9,1222,6970,565.6,12.0,61.0,13.6,4.4,0.1,413.2,0.1,0.0,3.5,1,118.3,,25500
2026-09-30T18:41:50+00:00,303.4,1,15.7,54.6,1,72.2,26500,30,519.2,27000,500,27000,26500,26500,26500,"{""running"": 1, ""scheduled"": 145, ""success"": 54}",111,27000,running,100,13605,12795,2,136.5,1260,6932,567.6,12.1,62.0,13.6,4.4,0.1,413.4,0.1,0.0,3.5,1,124.1,300,26200
2026-09-30T18:42:00+00:00,313.5,1,15.7,56.3,1,76.7,27500,30,543.7,28000,500,28000,27500,27500,27500,"{""running"": 1, ""scheduled"": 143, ""success"": 56}",115,28000,running,100,14405,12995,2,150.5,1233,6959,569.7,12.2,63.2,13.6,4.4,0.1,413.7,0.1,0.0,3.5,1,118.9,100,27400
2026-09-30T18:42:10+00:00,323.6,1,15.7,62.4,1,59.6,28000,30,435.7,28500,0,28500,28500,28500,28500,"{""running"": 1, ""scheduled"": 142, ""success"": 57}",117,28500,running,500,14705,13295,2,139.3,1255,6937,570.9,12.4,63.4,13.6,4.4,0.1,413.9,0.1,0.0,3.5,1,19.8,100,27900
2026-09-30T18:42:20+00:00,333.8,1,15.7,55.8,1,69.7,29000,30,518.9,29500,500,29500,29000,29000,29000,"{""running"": 1, ""scheduled"": 140, ""success"": 59}",121,29500,running,,15405,13595,2,140.5,1261,6931,571.8,12.4,63.5,13.6,4.4,0.1,414.2,0.1,0.0,3.5,1,125.4,200,28800
2026-09-30T18:42:30+00:00,343.9,1,15.7,66.3,2,117.6,30000,30,433.8,30000,0,30000,30000,30000,30000,"{""running"": 1, ""scheduled"": 139, ""success"": 60}",123,30000,running,300,15906,13794,3,108.5,1207,6985,572.8,12.6,63.6,13.6,4.4,0.1,414.4,0.1,0.0,3.5,1,18.6,600,29400
2026-09-30T18:42:41+00:00,354.3,1,15.7,75.8,1,38.4,30500,30,456.5,31000,500,31000,30500,30500,30500,"{""scheduled"": 138, ""success"": 62}",126,31000,running,100,16406,13994,3,304.3,1246,6946,573.5,12.6,63.7,13.6,4.4,0.1,414.6,0.1,0.0,3.5,1,18.6,300,30200
2026-09-30T18:42:51+00:00,364.4,1,15.7,69.0,1,75.5,31000,30,512.1,31500,500,31500,31000,31000,31000,"{""running"": 1, ""scheduled"": 136, ""success"": 63}",129,31500,running,,16706,14294,3,164.9,1309,6883,574.2,12.7,63.8,13.6,4.4,0.1,414.8,0.1,0.0,3.5,1,34.5,100,30900
2026-09-30T18:43:01+00:00,374.6,1,15.7,67.4,1,73.6,31500,30,466.9,32000,500,32000,31500,31500,31500,"{""running"": 1, ""scheduled"": 135, ""success"": 64}",131,32000,running,,16806,14694,3,152.8,1321,6871,575.1,12.8,64.1,13.6,4.4,0.1,414.9,0.1,0.0,3.5,1,101.3,,31500
2026-09-30T18:43:11+00:00,384.8,1,15.7,63.9,1,75.2,32000,30,481.5,32500,500,32500,32000,32000,32000,"{""running"": 1, ""scheduled"": 134, ""success"": 65}",133,32500,running,,16906,15094,3,222.5,1321,6871,575.7,12.8,64.2,13.6,4.4,0.1,415.1,0.1,0.0,3.5,1,114.4,100,31900
2026-09-30T18:43:21+00:00,395.0,1,15.7,68.4,1,75.3,32500,30,513.7,33000,500,33000,32500,32500,32500,"{""running"": 1, ""scheduled"": 133, ""success"": 66}",135,33000,running,,17006,15494,3,120.9,1252,6940,576.3,12.9,64.3,13.6,4.4,0.1,415.5,0.1,0.0,3.5,1,59.5,,32500
2026-09-30T18:43:31+00:00,405.1,1,15.7,79.8,1,76.9,33500,30,429.2,33500,0,33500,33500,33500,33500,"{""running"": 1, ""scheduled"": 132, ""success"": 67}",137,33500,running,300,17306,15894,3,129.0,1295,6897,577.3,13.0,64.4,13.6,4.4,0.1,416.2,0.1,0.0,3.5,1,18.6,600,32900
2026-09-30T18:43:42+00:00,415.4,1,15.7,89.3,1,69.4,34000,30,423.6,34000,0,34000,34000,34000,34000,"{""running"": 1, ""scheduled"": 131, ""success"": 68}",139,34000,running,300,17606,16094,3,135.8,1245,6947,578.3,13.1,64.4,13.6,4.4,0.1,416.8,0.1,0.0,3.5,1,18.7,500,33500
2026-09-30T18:43:52+00:00,425.6,1,15.7,83.4,1,76.0,34500,30,432.4,34500,0,34500,34500,34500,34500,"{""running"": 1, ""scheduled"": 130, ""success"": 69}",141,34500,running,300,17606,16594,3,142.8,1279,6913,579.4,13.2,64.7,13.6,4.4,0.1,417.4,0.1,0.0,3.5,1,18.7,500,34000
2026-09-30T18:44:02+00:00,435.8,1,15.7,70.0,1,76.5,35000,30,463.3,35500,500,35500,35000,35000,35000,"{""running"": 1, ""scheduled"": 128, ""success"": 71}",145,35500,running,,18106,16894,3,122.0,1263,6929,581.6,13.2,65.8,13.6,4.4,0.1,418.4,0.1,0.0,3.5,1,103.2,100,34900
2026-09-30T18:44:12+00:00,446.1,1,15.7,68.2,1,45.9,35500,30,512.0,36000,500,36000,35500,35500,35500,"{""running"": 1, ""scheduled"": 127, ""success"": 72}",147,36000,running,,18306,17194,3,139.5,1214,6978,583.4,13.3,66.6,13.6,4.4,0.1,419.1,0.1,0.0,3.5,1,43.4,100,35400
2026-09-30T18:44:23+00:00,456.4,1,15.7,53.8,2,129.8,36500,30,425.4,36500,0,36500,36500,36500,36500,"{""running"": 1, ""scheduled"": 126, ""success"": 73}",149,36500,running,,19006,17494,3,148.0,1211,6981,585.8,13.4,67.7,13.6,4.4,0.1,420.1,0.1,0.0,3.5,1,19.2,200,36300
2026-09-30T18:44:33+00:00,466.6,1,15.7,60.3,1,77.0,37000,30,470.2,37500,500,37500,37000,37000,37000,"{""running"": 1, ""scheduled"": 124, ""success"": 75}",153,37500,running,100,18806,18094,3,148.8,1228,6964,587.9,13.4,68.5,13.6,4.4,0.1,420.8,0.1,0.0,3.5,1,112.7,300,36700
2026-09-30T18:44:43+00:00,476.8,1,15.7,57.2,1,75.5,38000,30,503.1,38000,0,38000,38000,38000,38000,"{""running"": 1, ""scheduled"": 123, ""success"": 76}",155,38000,running,500,19206,18294,3,150.6,1203,6989,590.8,13.6,69.6,13.6,4.4,0.1,422.0,0.1,0.0,3.5,1,28.1,500,37500
2026-09-30T18:44:53+00:00,487.0,1,15.7,53.1,1,46.3,38500,30,542.2,39000,500,39000,38500,38500,38500,"{""running"": 1, ""scheduled"": 121, ""success"": 78}",159,39000,running,100,19806,18594,3,206.8,1278,6914,594.1,13.6,70.6,13.6,4.4,0.1,423.6,0.1,0.0,3.5,1,121.0,300,38200
2026-09-30T18:45:04+00:00,497.3,1,15.7,58.7,1,77.2,39500,30,428.0,39500,0,39500,39500,39500,39500,"{""running"": 1, ""scheduled"": 120, ""success"": 79}",161,39500,running,300,20406,18794,3,145.0,1228,6964,596.9,13.8,71.5,13.6,4.4,0.1,424.9,0.1,0.0,3.5,1,19.0,500,39000
2026-09-30T18:45:14+00:00,507.5,1,15.7,58.9,1,52.3,40000,30,507.2,40500,500,40500,40000,40000,40000,"{""running"": 1, ""scheduled"": 118, ""success"": 81}",165,40500,running,,21006,18994,3,138.4,1284,6908,599.0,13.9,71.6,13.6,4.4,0.1,426.3,0.1,0.0,3.5,1,98.9,200,39800
2026-09-30T18:45:24+00:00,517.7,1,15.7,53.8,1,46.6,41000,30,545.8,41500,500,41500,41000,41000,41000,"{""running"": 1, ""scheduled"": 116, ""success"": 83}",169,41500,running,100,21606,19294,3,213.8,1248,6944,601.4,14.0,71.7,13.6,4.4,0.1,427.9,0.1,0.0,3.5,1,122.3,300,40700
2026-09-30T18:45:34+00:00,527.9,1,15.7,50.4,1,77.9,42000,30,502.6,42500,500,42500,42000,42000,42000,"{""running"": 1, ""scheduled"": 114, ""success"": 85}",173,42500,running,100,22306,19594,3,152.4,1299,6893,603.9,14.1,71.8,13.6,4.4,0.1,429.5,0.1,0.0,3.5,1,49.9,400,41600
2026-09-30T18:45:44+00:00,538.1,1,15.7,49.1,1,76.2,43000,30,464.6,43000,0,43000,43000,43000,43000,"{""scheduled"": 113, ""success"": 87}",176,43000,running,300,22906,19794,3,149.2,1236,6956,606.6,14.2,71.9,13.6,4.4,0.1,431.2,0.1,0.0,3.5,1,53.8,600,42400
2026-09-30T18:45:55+00:00,548.3,1,15.7,48.6,1,19.5,44000,30,455.4,44000,0,44000,44000,44000,44000,"{""running"": 1, ""scheduled"": 111, ""success"": 88}",179,44000,running,300,23606,20094,3,141.4,1240,6952,609.2,14.4,72.0,13.6,4.4,0.1,432.9,0.1,0.0,3.5,1,27.5,600,43400
2026-09-30T18:46:05+00:00,558.5,1,15.7,51.7,2,137.3,45000,30,453.2,45000,0,45000,45000,45000,45000,"{""running"": 1, ""scheduled"": 109, ""success"": 90}",183,45000,running,300,24406,20294,3,150.7,1207,6985,611.7,14.5,72.1,13.6,4.4,0.1,434.7,0.1,0.0,3.5,1,32.9,600,44400
2026-09-30T18:46:15+00:00,568.6,1,15.7,48.4,1,76.0,46000,30,480.9,46000,0,46000,46000,46000,46000,"{""running"": 1, ""scheduled"": 107, ""success"": 92}",187,46000,running,500,25006,20494,3,228.5,1225,6967,614.0,14.6,72.3,13.6,4.4,0.1,436.5,0.1,0.0,3.5,1,119.2,500,45500
2026-09-30T18:46:25+00:00,578.8,1,15.7,49.2,1,45.8,46500,30,481.5,47000,500,47000,47000,47000,47000,"{""running"": 1, ""scheduled"": 105, ""success"": 94}",191,47000,running,,25706,20794,3,140.8,1264,6928,616.2,14.8,72.4,13.6,4.4,0.1,438.2,0.1,0.0,3.5,1,115.8,100,46400
2026-09-30T18:46:35+00:00,589.0,1,15.7,50.6,2,145.2,47500,30,471.4,48000,500,48000,47500,47500,47500,"{""running"": 1, ""scheduled"": 103, ""success"": 96}",195,48000,running,,26506,20994,3,212.2,1213,6979,618.4,14.9,72.5,13.6,4.4,0.1,439.9,0.1,0.0,3.5,1,111.5,100,47400
2026-09-30T18:46:46+00:00,599.2,1,14.6,47.5,1,75.3,48500,30,490.0,49000,500,49000,48500,48500,48500,"{""running"": 1, ""scheduled"": 101, ""success"": 98}",199,49000,running,,27306,21194,3,155.8,1256,6936,620.7,15.0,72.7,13.6,4.4,0.1,441.8,0.1,0.0,3.5,1,117.6,100,48400
2026-09-30T18:46:56+00:00,609.4,1,15.7,48.3,1,43.0,49500,30,434.6,49500,0,49500,49500,49500,49500,"{""running"": 1, ""scheduled"": 100, ""success"": 99}",201,49500,running,300,27406,21794,3,148.0,1257,6935,623.2,15.1,73.7,13.6,4.4,0.1,442.9,0.1,0.0,3.5,1,23.5,500,49000
2026-09-30T18:47:06+00:00,619.6,1,15.7,50.6,1,77.7,50500,30,488.5,50500,0,50500,50500,50500,50500,"{""running"": 1, ""scheduled"": 98, ""success"": 101}",205,50500,running,300,28206,21994,3,144.8,1258,6934,626.3,15.2,75.0,13.6,4.4,0.1,444.5,0.1,0.0,3.5,1,102.2,500,50000
2026-09-30T18:47:16+00:00,629.8,1,15.7,48.9,1,71.7,51500,30,491.6,51500,0,51500,51500,51500,51500,"{""running"": 1, ""scheduled"": 96, ""success"": 103}",209,51500,running,300,29006,22194,3,147.6,1246,6946,629.8,15.3,76.3,13.6,4.4,0.1,446.2,0.1,0.0,3.5,1,95.7,500,51000
2026-09-30T18:47:26+00:00,640.0,1,15.7,48.2,1,43.4,52500,30,486.0,52500,0,52500,52500,52500,52500,"{""running"": 1, ""scheduled"": 94, ""success"": 105}",213,52500,running,500,29606,22394,3,150.6,1237,6955,633.8,15.4,77.6,13.6,4.4,0.1,448.1,0.1,0.0,3.5,1,116.0,500,52000
2026-09-30T18:47:37+00:00,650.3,1,15.7,52.7,1,77.1,53000,30,479.3,53500,500,53500,53000,53000,53000,"{""running"": 1, ""scheduled"": 92, ""success"": 107}",217,53500,running,,30406,22594,3,220.3,1248,6944,637.5,15.5,78.8,13.6,4.4,0.1,449.9,0.1,0.0,3.5,1,24.3,,53000
2026-09-30T18:47:47+00:00,660.6,1,15.7,50.4,1,42.2,54000,30,504.9,54500,500,54500,54000,54000,54000,"{""running"": 1, ""scheduled"": 90, ""success"": 109}",221,54500,running,100,31006,22894,3,133.1,1272,6920,641.2,15.7,80.1,13.6,4.4,0.1,451.4,0.1,0.0,3.5,1,50.5,100,53900
2026-09-30T18:47:57+00:00,670.8,1,15.7,49.6,2,130.5,55000,30,516.6,55500,500,55500,55000,55000,55000,"{""running"": 1, ""scheduled"": 88, ""success"": 111}",225,55500,running,100,31806,23094,3,137.5,1249,6943,645.0,15.8,81.3,13.6,4.4,0.1,453.1,0.1,0.0,3.5,1,115.4,300,54700
2026-09-30T18:48:07+00:00,681.1,1,15.7,51.2,1,76.7,56000,30,529.2,56500,500,56500,56000,56000,56000,"{""running"": 1, ""scheduled"": 86, ""success"": 113}",229,56500,running,100,32606,23294,3,211.3,1279,6913,648.0,15.9,82.0,13.6,4.4,0.1,454.8,0.1,0.0,3.5,1,124.4,300,55700
2026-09-30T18:48:18+00:00,691.3,1,15.7,48.2,1,75.9,57000,30,495.6,57500,500,57500,57000,57000,57000,"{""running"": 1, ""scheduled"": 84, ""success"": 115}",233,57500,running,300,33206,23494,3,157.8,1248,6944,650.7,16.0,82.1,13.6,4.4,0.1,456.6,0.1,0.0,3.5,1,118.4,300,56700
2026-09-30T18:48:28+00:00,701.5,1,15.7,48.8,2,127.9,58000,30,503.6,58500,500,58500,58000,58000,58000,"{""running"": 1, ""scheduled"": 82, ""success"": 117}",237,58500,running,300,34006,23694,3,234.1,1224,6968,653.4,16.2,82.2,13.6,4.4,0.1,458.4,0.1,0.0,3.5,1,92.4,300,57700
2026-09-30T18:48:38+00:00,711.8,1,15.7,51.4,1,77.2,59000,30,532.9,59500,500,59500,59000,59000,59000,"{""running"": 1, ""scheduled"": 80, ""success"": 119}",241,59500,running,300,34806,23894,3,157.9,1303,6889,656.0,16.3,82.3,13.6,4.4,0.1,460.1,0.1,0.0,3.5,1,26.1,300,58700
2026-09-30T18:48:48+00:00,722.0,1,15.7,48.2,1,77.0,60000,30,510.1,60500,500,60500,60000,60000,60000,"{""scheduled"": 79, ""success"": 121}",244,60500,running,300,35706,23994,3,236.6,1308,6884,658.8,16.4,82.4,13.6,4.5,0.1,461.9,0.1,0.0,3.5,0,0.0,600,59400
2026-09-30T18:48:59+00:00,732.2,1,15.7,49.0,2,131.8,61000,30,507.2,61000,0,61000,61000,61000,61000,"{""running"": 1, ""scheduled"": 77, ""success"": 122}",247,61000,running,300,36506,24194,3,144.6,1243,6949,661.3,16.6,82.6,13.6,4.5,0.1,463.6,0.1,0.0,3.5,1,68.7,600,60400
2026-09-30T18:49:09+00:00,742.5,1,15.7,52.5,1,77.4,61500,30,484.6,62000,0,62000,62000,62000,62000,"{""running"": 1, ""scheduled"": 75, ""success"": 124}",251,62000,running,,37106,24394,3,141.7,1259,6933,663.7,16.7,82.7,13.6,4.5,0.1,465.4,0.1,0.0,3.5,1,118.2,100,61400
2026-09-30T18:49:19+00:00,752.7,1,15.7,48.2,1,76.2,62500,30,550.7,63000,500,63000,62500,62500,62500,"{""running"": 1, ""scheduled"": 73, ""success"": 126}",255,63000,running,100,37806,24594,3,212.5,1267,6925,665.9,16.8,82.9,13.7,4.5,0.1,467.0,0.1,0.0,3.5,1,117.5,100,62400
2026-09-30T18:49:29+00:00,763.0,1,15.7,51.0,1,76.2,63500,30,497.5,64000,500,64000,63500,63500,63500,"{""running"": 1, ""scheduled"": 71, ""success"": 128}",259,64000,running,100,38606,24794,3,125.8,1246,6946,668.4,16.9,83.5,13.7,4.5,0.1,468.6,0.1,0.0,3.5,1,121.4,300,63200
2026-09-30T18:49:40+00:00,773.3,1,15.7,49.2,1,76.6,64500,30,554.2,65000,500,65000,64500,64500,64500,"{""running"": 1, ""scheduled"": 69, ""success"": 130}",263,65000,running,100,39406,24994,3,212.7,1296,6896,671.9,17.0,84.9,13.7,4.5,0.1,470.2,0.1,0.0,3.5,1,126.6,300,64200
2026-09-30T18:49:50+00:00,783.6,1,15.7,48.2,1,61.6,65500,30,564.0,66000,500,66000,65500,65500,65500,"{""running"": 1, ""scheduled"": 67, ""success"": 132}",267,66000,running,300,40006,25194,3,164.0,1279,6913,675.6,17.2,86.3,13.7,4.5,0.1,472.1,0.1,0.0,3.5,1,122.8,300,65200
2026-09-30T18:50:00+00:00,793.8,1,15.7,49.3,1,77.2,66500,30,500.4,67000,500,67000,66500,66500,66500,"{""running"": 1, ""scheduled"": 65, ""success"": 134}",271,67000,running,200,41006,25294,3,277.4,1318,6874,679.4,17.3,87.8,13.7,4.5,0.1,473.9,0.1,0.0,3.5,1,91.5,200,66300
2026-09-30T18:50:10+00:00,804.1,1,15.7,51.4,1,77.5,67500,30,469.6,67500,0,67500,67500,67500,67500,"{""running"": 1, ""scheduled"": 64, ""success"": 135}",273,67500,running,300,41706,25494,3,154.4,1255,6937,681.8,17.4,88.2,13.7,4.5,0.1,475.5,0.1,0.0,3.5,1,35.3,600,66900
2026-09-30T18:50:21+00:00,814.3,1,15.7,48.2,1,76.5,68500,30,484.3,68500,0,68500,68500,68500,68500,"{""running"": 1, ""scheduled"": 62, ""success"": 137}",277,68500,running,300,42606,25594,3,152.2,1299,6893,684.4,17.5,88.4,13.7,4.5,0.1,477.4,0.1,0.0,3.5,1,118.1,500,68000
2026-09-30T18:50:31+00:00,824.5,1,15.7,48.5,1,77.3,69000,30,493.1,69500,500,69500,69000,69000,69000,"{""running"": 1, ""scheduled"": 60, ""success"": 139}",281,69500,running,,43206,25794,3,140.6,1309,6883,686.9,17.6,88.6,13.7,4.5,0.1,479.2,0.1,0.0,3.5,1,116.6,,69000
2026-09-30T18:50:41+00:00,834.8,1,15.7,51.4,1,78.1,70000,30,523.8,70500,500,70500,70000,70000,70000,"{""running"": 1, ""scheduled"": 58, ""success"": 141}",285,70500,running,,44006,25994,3,224.1,1301,6891,689.5,17.7,88.8,13.7,4.5,0.1,480.8,0.1,0.0,3.5,1,113.2,,70000
2026-09-30T18:50:51+00:00,845.0,1,15.7,48.5,1,48.6,71000,30,528.0,71500,500,71500,71000,71000,71000,"{""running"": 1, ""scheduled"": 56, ""success"": 143}",289,71500,running,,44806,26194,3,223.3,1278,6914,692.3,17.8,89.0,13.7,4.5,0.1,482.6,0.1,0.0,3.5,1,117.9,200,70800
2026-09-30T18:51:02+00:00,855.2,1,15.7,51.5,1,77.1,72000,30,530.2,72500,500,72500,72000,72000,72000,"{""running"": 1, ""scheduled"": 54, ""success"": 145}",293,72500,running,200,45406,26394,3,145.1,1307,6885,695.0,18.0,89.2,13.7,4.5,0.1,484.3,0.1,0.0,3.5,1,130.0,200,71800
2026-09-30T18:51:12+00:00,865.5,1,15.7,49.1,1,73.3,73000,30,508.5,73500,500,73500,73000,73000,73000,"{""running"": 1, ""scheduled"": 52, ""success"": 147}",297,73500,running,100,46406,26494,3,158.3,1280,6912,697.9,18.1,89.5,13.7,4.5,0.1,486.1,0.1,0.0,3.5,1,79.5,100,72900
2026-09-30T18:51:22+00:00,875.8,1,15.7,48.5,1,77.1,74000,30,478.1,74500,500,74500,74000,74000,74000,"{""scheduled"": 51, ""success"": 149}",300,74500,running,100,47206,26694,3,151.8,1323,6869,700.6,18.2,89.7,13.7,4.5,0.1,487.6,0.1,0.0,3.5,0,0.0,500,73500
2026-09-30T18:51:32+00:00,886.0,1,15.7,49.3,1,76.5,75000,30,477.1,75000,0,75000,75000,75000,75000,"{""running"": 1, ""scheduled"": 49, ""success"": 150}",303,75000,running,300,47806,26894,3,150.3,1277,6915,704.3,18.3,90.9,13.7,4.5,0.1,489.3,0.1,0.0,3.5,1,98.5,500,74500
2026-09-30T18:51:43+00:00,896.3,1,15.7,50.8,1,78.2,75500,30,480.6,76000,500,76000,75500,75500,75500,"{""running"": 1, ""scheduled"": 47, ""success"": 152}",307,76000,running,100,48206,27194,3,224.7,1334,6858,708.0,18.4,92.1,13.7,4.5,0.1,491.0,0.1,0.0,3.5,1,114.1,300,75200
2026-09-30T18:51:53+00:00,906.6,1,15.7,49.0,1,50.2,76500,30,554.6,77000,500,77000,76500,76500,76500,"{""running"": 1, ""scheduled"": 45, ""success"": 154}",311,77000,running,300,48806,27394,3,162.7,1310,6882,711.9,18.6,93.5,13.7,4.5,0.1,492.7,0.1,0.0,3.5,1,122.0,300,76200
2026-09-30T18:52:03+00:00,916.8,1,15.7,54.6,1,72.3,77500,30,445.1,78000,500,78000,77500,77500,77500,"{""running"": 1, ""scheduled"": 43, ""success"": 156}",315,78000,running,100,50006,27394,3,136.8,1218,6974,715.5,18.7,94.9,13.7,4.5,0.1,494.2,0.1,0.0,3.5,1,97.7,300,77200
2026-09-30T18:52:14+00:00,927.2,1,15.7,54.8,1,47.5,78500,30,434.0,78500,0,78500,78500,78500,78500,"{""running"": 1, ""scheduled"": 42, ""success"": 157}",317,78500,running,100,50806,27594,3,124.5,1257,6935,718.4,18.8,95.1,13.7,4.5,0.1,496.0,0.1,0.0,3.5,1,18.7,500,78000
2026-09-30T18:52:24+00:00,937.5,1,15.7,54.4,1,49.0,79000,30,509.1,79500,500,79500,79000,79000,79000,"{""running"": 1, ""scheduled"": 40, ""success"": 159}",321,79500,running,100,51206,27694,3,121.4,1261,6931,720.8,18.9,95.2,13.7,4.5,0.1,497.4,0.1,0.0,3.5,1,42.8,300,78700
2026-09-30T18:52:34+00:00,947.8,1,15.7,54.5,1,60.7,80000,30,525.0,80500,500,80500,80000,80000,80000,"{""running"": 1, ""scheduled"": 38, ""success"": 161}",325,80500,running,100,52006,27894,3,125.7,1247,6945,723.5,19.0,95.4,13.7,4.5,0.1,499.2,0.1,0.0,3.5,1,91.4,300,79700
2026-09-30T18:52:45+00:00,958.2,1,15.7,52.7,1,75.4,81000,30,510.6,81500,500,81500,81000,81000,81000,"{""running"": 1, ""scheduled"": 36, ""success"": 163}",329,81500,running,300,52606,28094,3,152.8,1292,6900,726.1,19.1,95.6,13.7,4.5,0.1,500.7,0.1,0.0,3.5,1,76.2,400,80600
2026-09-30T18:52:55+00:00,968.6,1,15.7,50.6,1,46.0,82000,30,433.7,82000,0,82000,82000,82000,82000,"{""running"": 1, ""scheduled"": 35, ""success"": 164}",331,82000,running,200,53606,28194,3,136.8,1256,6936,729.0,19.2,95.9,13.7,4.5,0.1,502.4,0.1,0.0,3.5,1,18.8,600,81400
2026-09-30T18:53:05+00:00,978.9,1,15.7,52.4,1,74.2,82500,30,433.7,83000,500,83000,82500,82500,82500,"{""running"": 1, ""scheduled"": 33, ""success"": 166}",335,83000,running,100,54006,28394,3,123.9,1194,6998,731.5,19.4,96.0,13.7,4.5,0.1,504.1,0.1,0.0,3.5,1,18.8,300,82200
2026-09-30T18:53:16+00:00,989.3,1,15.7,54.4,1,62.9,83500,30,542.5,84000,500,84000,83500,83500,83500,"{""running"": 1, ""scheduled"": 31, ""success"": 168}",339,84000,running,,55106,28394,3,148.8,1218,6974,732.9,19.5,96.3,13.7,4.5,0.1,504.9,0.1,0.0,3.5,1,121.9,100,83400
2026-09-30T18:53:26+00:00,999.5,1,15.7,54.9,1,47.5,84500,30,470.3,85000,500,85000,84500,84500,84500,"{""scheduled"": 30, ""success"": 170}",342,85000,running,100,55806,28594,3,142.7,1289,6903,733.6,19.6,96.5,13.7,4.5,0.1,504.9,0.1,0.0,3.5,0,0.0,500,84000
2026-09-30T18:53:36+00:00,1009.7,1,15.7,52.9,1,74.5,85000,30,434.5,85500,500,85500,85000,85000,85000,"{""running"": 1, ""scheduled"": 28, ""success"": 171}",345,85500,running,100,56006,28894,3,138.9,1278,6914,735.1,19.7,97.6,13.7,4.5,0.1,504.9,0.1,0.0,3.5,1,20.9,300,84700
2026-09-30T18:53:46+00:00,1019.9,1,15.7,52.8,1,75.2,86000,30,555.0,86500,500,86500,86000,86000,86000,"{""running"": 1, ""scheduled"": 26, ""success"": 173}",349,86500,running,300,56806,28894,3,139.8,1296,6896,737.0,19.8,99.1,13.7,4.5,0.1,504.9,0.1,0.0,3.5,1,120.4,300,85700
2026-09-30T18:53:57+00:00,1030.1,1,15.7,50.3,1,45.9,87000,30,505.0,87500,500,87500,87000,87000,87000,"{""running"": 1, ""scheduled"": 24, ""success"": 175}",353,87500,running,100,57806,29094,3,139.0,1209,6983,739.1,19.9,100.7,13.7,4.5,0.1,504.9,0.1,0.0,3.5,1,111.8,300,86700
2026-09-30T18:54:07+00:00,1040.4,1,15.7,56.2,1,75.5,88000,30,432.6,88000,0,88000,88000,88000,88000,"{""running"": 1, ""scheduled"": 23, ""success"": 176}",355,88000,running,300,58506,29194,3,218.8,1237,6955,740.5,20.0,101.7,13.7,4.5,0.1,504.9,0.1,0.0,3.5,1,18.6,600,87400
2026-09-30T18:54:17+00:00,1050.7,1,15.7,49.9,1,76.3,88500,30,484.5,89000,500,89000,88500,88500,88500,"{""running"": 1, ""scheduled"": 21, ""success"": 178}",359,89000,running,100,59006,29394,3,140.0,1237,6955,741.4,20.1,102.1,13.7,4.5,0.1,504.9,0.1,0.0,3.5,1,90.8,100,88400
2026-09-30T18:54:27+00:00,1060.9,1,15.7,49.6,1,48.6,89500,30,552.3,90000,500,90000,89500,89500,89500,"{""running"": 1, ""scheduled"": 19, ""success"": 180}",363,90000,running,300,59606,29594,3,140.9,1209,6983,742.2,20.3,102.5,13.7,4.5,0.1,504.9,0.1,0.0,3.5,1,121.4,300,89200
2026-09-30T18:54:37+00:00,1071.1,1,15.7,47.5,1,76.2,90500,30,513.7,91000,500,91000,90500,90500,90500,"{""running"": 1, ""scheduled"": 17, ""success"": 182}",367,91000,running,100,60606,29794,3,162.9,1266,6926,743.0,20.4,102.8,13.7,4.5,0.1,504.9,0.1,0.0,3.5,1,31.3,500,90000
2026-09-30T18:54:48+00:00,1081.3,1,15.7,51.3,1,76.7,91500,30,440.1,91500,0,91500,91500,91500,91500,"{""running"": 1, ""scheduled"": 16, ""success"": 183}",369,91500,running,200,61406,29894,3,153.5,1250,6942,744.0,20.6,103.2,13.7,4.5,0.1,504.9,0.1,0.0,3.5,1,19.8,600,90900
2026-09-30T18:54:58+00:00,1091.5,1,15.7,48.2,1,48.5,92000,30,557.3,92500,500,92500,92000,92000,92000,"{""running"": 1, ""scheduled"": 14, ""success"": 185}",373,92500,running,100,61806,30094,3,150.8,1214,6978,744.7,20.7,103.5,13.7,4.5,0.1,504.9,0.1,0.0,3.5,1,125.0,300,91700
2026-09-30T18:55:08+00:00,1101.8,1,15.7,48.1,1,76.0,93000,30,509.4,93500,500,93500,93000,93000,93000,"{""scheduled"": 13, ""success"": 187}",376,93500,running,300,62407,30293,3,153.6,1294,6898,745.6,20.9,103.8,13.7,4.5,0.1,504.9,0.1,0.0,3.5,0,0.0,500,92500
2026-09-30T18:55:18+00:00,1112.0,1,15.7,50.1,1,77.5,94000,30,490.4,94000,0,94000,94000,94000,94000,"{""running"": 1, ""scheduled"": 11, ""success"": 188}",379,94000,running,500,62807,30693,3,134.4,1243,6949,746.9,21.1,104.2,13.7,4.6,0.1,504.9,0.1,0.0,3.5,1,43.0,900,93100
2026-09-30T18:55:29+00:00,1122.2,1,15.7,50.1,1,45.6,94500,30,513.9,95000,500,95000,94500,94500,94500,"{""running"": 1, ""scheduled"": 9, ""success"": 190}",383,95000,running,100,63707,30693,3,136.4,1243,6949,748.6,21.2,105.0,13.7,4.6,0.1,504.9,0.1,0.0,3.5,1,77.7,200,94300
2026-09-30T18:55:39+00:00,1132.4,1,15.7,50.9,1,76.0,95500,30,527.5,96000,500,96000,95500,95500,95500,"{""running"": 1, ""scheduled"": 7, ""success"": 192}",387,96000,running,100,64607,30793,3,134.6,1238,6954,751.2,21.4,106.6,13.7,4.6,0.1,504.9,0.1,0.0,3.5,1,122.5,300,95200
2026-09-30T18:55:49+00:00,1142.6,1,15.7,50.9,1,73.3,96500,30,489.9,97000,500,97000,96500,96500,96500,"{""running"": 1, ""scheduled"": 5, ""success"": 194}",391,97000,running,200,65407,30893,3,143.4,1210,6982,753.6,21.5,108.1,13.7,4.6,0.1,504.9,0.1,0.0,3.5,1,119.4,400,96100
2026-09-30T18:55:59+00:00,1152.9,1,15.7,51.0,1,45.3,97500,30,510.2,98000,500,98000,97500,97500,97500,"{""running"": 1, ""scheduled"": 3, ""success"": 196}",395,98000,running,300,66107,31093,3,160.4,1232,6960,756.2,21.7,109.6,13.7,4.6,0.1,504.9,0.1,0.0,3.5,1,100.5,400,97100
2026-09-30T18:56:10+00:00,1163.2,1,15.7,51.2,1,76.0,98500,30,436.4,98500,0,98500,98500,98500,98500,"{""running"": 1, ""scheduled"": 2, ""success"": 197}",397,98500,running,300,67107,31093,3,219.0,1266,6926,758.8,21.9,111.2,13.7,4.6,0.1,504.9,0.1,0.0,3.5,1,22.3,600,97900
2026-09-30T18:56:20+00:00,1173.4,1,15.7,49.2,1,75.2,99500,30,473.5,99500,0,99500,99500,99500,99500,"{""running"": 1, ""success"": 199}",401,99500,running,500,67707,31293,3,141.7,1241,6951,761.3,22.0,112.8,13.7,4.6,0.1,504.9,0.1,0.0,3.5,1,87.5,600,98900
2026-09-30T18:56:30+00:00,1183.7,1,15.7,34.8,1,77.4,100000,30,399.9,100000,0,100000,100000,100000,100000,"{""success"": 200}",402,100000,running,,68507,31493,3,136.9,1243,6949,762.9,22.1,114.0,13.7,4.6,0.1,504.9,0.1,0.0,3.5,0,0.0,500,99500
2026-09-30T18:56:40+00:00,1193.9,1,15.7,45.4,1,76.4,100000,30,399.8,100000,0,100000,100000,100000,100000,"{""success"": 200}",402,100000,running,,68007,31993,3,138.0,1238,6954,763.3,22.1,114.4,13.7,4.6,0.1,504.9,0.1,0.0,3.5,0,0.0,,100000
2026-09-30T18:56:50+00:00,1204.1,1,15.7,52.4,1,77.3,100000,30,399.8,100000,0,100000,100000,100000,100000,"{""success"": 200}",402,100000,running,,67407,32593,3,220.4,1217,6975,763.6,22.1,114.7,13.7,4.6,0.1,504.9,0.1,0.0,3.5,0,0.0,,100000
2026-09-30T18:57:01+00:00,1214.5,1,15.7,52.8,1,75.7,100000,30,399.8,100000,0,100000,100000,100000,100000,"{""success"": 200}",402,100000,running,,66807,33193,3,206.0,1257,6935,763.9,22.1,115.0,13.7,4.6,0.1,504.9,0.1,0.0,3.5,0,0.0,,100000
2026-09-30T18:57:11+00:00,1224.8,1,15.7,37.6,1,76.3,100000,30,399.8,100000,0,100000,100000,100000,100000,"{""success"": 200}",402,100000,running,,66007,33993,3,140.1,1255,6937,763.9,22.1,115.0,13.7,4.6,0.1,504.9,0.1,0.0,3.5,0,0.0,,100000
2026-09-30T18:57:21+00:00,1235.0,1,15.7,33.0,1,76.7,100000,30,398.7,100000,0,100000,100000,100000,100000,"{""success"": 200}",402,100000,running,,65007,34993,3,139.2,1225,6967,763.9,22.1,115.0,13.7,4.6,0.1,504.9,0.1,0.0,3.5,0,0.0,,100000
2026-09-30T18:57:32+00:00,1245.2,1,15.7,33.1,1,75.5,100000,30,399.7,100000,0,100000,100000,100000,100000,"{""success"": 200}",402,100000,running,,64207,35793,3,146.1,1259,6933,763.9,22.1,115.0,13.7,4.6,0.1,504.9,0.1,0.0,3.5,0,0.0,,100000
2026-09-30T18:57:42+00:00,1255.4,1,15.7,35.4,1,76.6,100000,30,399.7,100000,0,100000,100000,100000,100000,"{""success"": 200}",402,100000,running,,63407,36593,3,145.6,1264,6928,763.9,22.1,115.0,13.7,4.6,0.1,504.9,0.1,0.0,3.5,0,0.0,,100000
2026-09-30T18:57:52+00:00,1265.6,1,15.7,33.4,1,78.2,100000,30,399.7,100000,0,100000,100000,100000,100000,"{""success"": 200}",402,100000,running,,62607,37393,3,137.0,1260,6932,763.9,22.1,115.0,13.7,4.6,0.1,504.9,0.1,0.0,3.5,0,0.0,,100000
2026-09-30T18:58:02+00:00,1275.8,1,15.7,32.5,1,64.5,100000,30,399.7,100000,0,100000,100000,100000,100000,"{""success"": 200}",402,100000,running,,61607,38393,3,145.5,1237,6955,763.9,22.1,115.0,13.7,4.6,0.1,504.9,0.1,0.0,3.5,0,0.0,,100000
2026-09-30T18:58:12+00:00,1286.0,1,15.7,33.1,1,87.3,100000,30,399.7,100000,0,100000,100000,100000,100000,"{""success"": 200}",402,100000,running,,60807,39193,3,235.5,1261,6931,763.9,22.1,115.0,13.7,4.6,0.1,504.9,0.1,0.0,3.5,0,0.0,,100000
2026-09-30T18:58:23+00:00,1296.2,1,15.7,32.8,1,74.6,100000,30,399.7,100000,0,100000,100000,100000,100000,"{""success"": 200}",402,100000,running,,60007,39993,3,214.2,1242,6950,764.0,22.1,115.0,13.7,4.6,0.1,504.9,0.1,0.0,3.5,0,0.0,,100000
2026-09-30T18:58:33+00:00,1306.4,1,15.7,32.3,1,71.5,100000,30,399.7,100000,0,100000,100000,100000,100000,"{""success"": 200}",402,100000,running,,59207,40793,3,146.1,1267,6925,764.0,22.1,115.1,13.7,4.6,0.1,504.9,0.1,0.0,3.5,0,0.0,,100000
2026-09-30T18:58:43+00:00,1316.7,1,15.7,33.2,1,73.6,100000,30,399.3,100000,0,100000,100000,100000,100000,"{""success"": 200}",402,100000,running,,58207,41793,3,144.4,1261,6931,764.0,22.1,115.1,13.7,4.6,0.1,504.9,0.1,0.0,3.5,0,0.0,,100000
2026-09-30T18:58:53+00:00,1326.9,1,15.7,31.6,1,74.6,100000,30,399.3,100000,0,100000,100000,100000,100000,"{""success"": 200}",402,100000,running,,57407,42593,3,142.2,1282,6910,764.0,22.1,115.1,13.7,4.6,0.1,504.9,0.1,0.0,3.5,0,0.0,,100000
2026-09-30T18:59:03+00:00,1337.1,1,15.7,32.6,1,69.0,100000,30,399.3,100000,0,100000,100000,100000,100000,"{""success"": 200}",402,100000,running,,56607,43393,3,131.5,1245,6947,764.0,22.1,115.1,13.7,4.6,0.1,504.9,0.1,0.0,3.5,0,0.0,,100000
2026-09-30T18:59:14+00:00,1347.3,1,15.7,31.4,1,71.1,100000,30,398.5,100000,0,100000,100000,100000,100000,"{""success"": 200}",402,100000,running,,55607,44393,3,139.1,1256,6936,764.0,22.1,115.1,13.7,4.6,0.1,504.9,0.1,0.0,3.5,0,0.0,,100000
2026-09-30T18:59:24+00:00,1357.6,1,15.7,32.5,1,74.1,100000,30,399.3,100000,0,100000,100000,100000,100000,"{""success"": 200}",402,100000,running,,54807,45193,3,133.0,1234,6958,764.0,22.1,115.1,13.7,4.6,0.1,504.9,0.1,0.0,3.5,0,0.0,,100000
2026-09-30T18:59:34+00:00,1367.8,1,15.7,32.6,1,49.6,100000,30,399.3,100000,0,100000,100000,100000,100000,"{""success"": 200}",402,100000,running,,53807,46193,3,310.5,1248,6944,764.0,22.1,115.1,13.7,4.6,0.1,504.9,0.1,0.0,3.5,0,0.0,,100000
2026-09-30T18:59:44+00:00,1378.0,1,15.7,33.3,1,70.0,100000,30,399.3,100000,0,100000,100000,100000,100000,"{""success"": 200}",402,100000,running,,53007,46993,3,136.7,1256,6936,764.0,22.1,115.1,13.7,4.6,0.1,504.9,0.1,0.0,3.5,0,0.0,,100000
2026-09-30T18:59:55+00:00,1388.2,1,15.7,31.5,1,73.9,100000,30,399.3,100000,0,100000,100000,100000,100000,"{""success"": 200}",402,100000,running,,52007,47993,3,135.6,1252,6940,764.0,22.1,115.1,13.7,4.6,0.1,504.9,0.1,0.0,3.5,0,0.0,,100000
2026-09-30T19:00:05+00:00,1398.4,1,15.7,33.5,1,50.0,100000,30,399.3,100000,0,100000,100000,100000,100000,"{""success"": 200}",402,100000,running,,51207,48793,3,133.8,1264,6928,764.0,22.1,115.1,13.7,4.6,0.1,504.9,0.1,0.0,3.5,0,0.0,,100000
2026-09-30T19:00:15+00:00,1408.7,1,15.7,30.9,1,74.4,100000,30,399.3,100000,0,100000,100000,100000,100000,"{""success"": 200}",402,100000,running,,50207,49793,3,146.2,1341,6851,764.1,22.1,115.1,13.7,4.6,0.1,504.9,0.1,0.0,3.5,0,0.0,,100000
2026-09-30T19:00:25+00:00,1418.9,1,15.7,34.9,1,75.9,100000,30,342.5,100000,0,100000,100000,100000,100000,"{""success"": 200}",402,100000,running,,49407,50593,3,141.7,1312,6880,764.1,22.1,115.2,13.7,4.6,0.1,504.9,0.1,0.0,3.5,0,0.0,,100000
2026-09-30T19:00:35+00:00,1429.0,1,15.7,31.2,1,77.8,100000,30,342.5,100000,0,100000,100000,100000,100000,"{""success"": 200}",402,100000,running,,48407,51593,3,144.4,1347,6845,764.1,22.1,115.2,13.7,4.6,0.1,504.9,0.1,0.0,3.5,0,0.0,,100000
2026-09-30T19:00:46+00:00,1439.2,1,15.7,30.9,1,74.2,100000,30,342.5,100000,0,100000,100000,100000,100000,"{""success"": 200}",402,100000,running,,47407,52593,3,306.8,1330,6862,764.1,22.1,115.2,13.7,4.6,0.1,504.9,0.1,0.0,3.5,0,0.0,,100000
2026-09-30T19:00:56+00:00,1449.4,1,15.7,32.6,1,76.2,100000,30,342.5,100000,0,100000,100000,100000,100000,"{""success"": 200}",402,100000,running,,46407,53593,3,139.4,1317,6875,764.1,22.1,115.2,13.7,4.6,0.1,504.9,0.1,0.0,3.5,0,0.0,,100000
2026-09-30T19:01:06+00:00,1459.6,1,15.7,30.9,1,77.9,100000,30,342.5,100000,0,100000,100000,100000,100000,"{""success"": 200}",402,100000,running,,45607,54393,3,136.5,1311,6881,764.1,22.1,115.2,13.7,4.6,0.1,504.9,0.1,0.0,3.5,0,0.0,,100000
2026-09-30T19:01:16+00:00,1469.8,1,15.7,32.5,1,74.6,100000,30,342.5,100000,0,100000,100000,100000,100000,"{""success"": 200}",402,100000,running,,44607,55393,3,144.3,1290,6902,764.2,22.1,115.2,13.7,4.6,0.1,504.9,0.1,0.0,3.5,0,0.0,,100000
2026-09-30T19:01:26+00:00,1480.1,1,15.7,31.9,1,76.0,100000,30,342.5,100000,0,100000,100000,100000,100000,"{""success"": 200}",402,100000,running,,43607,56393,3,141.2,1269,6923,764.2,22.1,115.3,13.7,4.6,0.1,504.9,0.1,0.0,3.5,0,0.0,,100000
2026-09-30T19:01:37+00:00,1490.3,1,15.7,31.6,1,77.9,100000,30,342.5,100000,0,100000,100000,100000,100000,"{""success"": 200}",402,100000,running,,42607,57393,3,143.9,1309,6883,764.2,22.1,115.3,13.7,4.6,0.1,504.9,0.1,0.0,3.5,0,0.0,,100000
2026-09-30T19:01:47+00:00,1500.6,1,15.7,31.7,1,76.8,100000,30,342.5,100000,0,100000,100000,100000,100000,"{""success"": 200}",402,100000,running,,41607,58393,3,141.7,1293,6899,764.2,22.1,115.3,13.7,4.6,0.1,504.9,0.1,0.0,3.5,0,0.0,,100000
2026-09-30T19:01:57+00:00,1510.8,1,15.7,34.3,1,33.1,100000,30,342.5,100000,0,100000,100000,100000,100000,"{""success"": 200}",402,100000,running,,40607,59393,3,132.5,1279,6913,764.2,22.1,115.3,13.7,4.6,0.1,504.9,0.1,0.0,3.5,0,0.0,,100000
2026-09-30T19:02:07+00:00,1521.0,1,15.7,36.8,1,50.5,100000,30,342.5,100000,0,100000,100000,100000,100000,"{""success"": 200}",402,100000,running,,39607,60393,3,141.2,1345,6847,764.2,22.1,115.3,13.7,4.6,0.1,504.9,0.1,0.0,3.5,0,0.0,,100000
2026-09-30T19:02:18+00:00,1531.3,1,15.7,31.2,1,76.8,100000,30,342.5,100000,0,100000,100000,100000,100000,"{""success"": 200}",402,100000,running,,38607,61393,3,145.2,1400,6792,764.2,22.1,115.3,13.7,4.6,0.1,504.9,0.1,0.0,3.5,0,0.0,,100000
2026-09-30T19:02:28+00:00,1541.5,1,15.7,33.5,1,76.4,100000,30,342.5,100000,0,100000,100000,100000,100000,"{""success"": 200}",402,100000,running,,37407,62593,3,130.2,1227,6965,764.2,22.1,115.3,13.7,4.6,0.1,504.9,0.1,0.0,3.5,0,0.0,,100000
2026-09-30T19:02:38+00:00,1551.8,1,15.7,32.5,1,53.1,100000,30,342.5,100000,0,100000,100000,100000,100000,"{""success"": 200}",402,100000,running,,36407,63593,3,133.5,1265,6927,764.2,22.1,115.3,13.7,4.6,0.1,504.9,0.1,0.0,3.5,0,0.0,,100000
2026-09-30T19:02:48+00:00,1562.0,1,15.7,31.6,1,71.2,100000,30,342.5,100000,0,100000,100000,100000,100000,"{""success"": 200}",402,100000,running,,35207,64793,3,142.1,1243,6949,764.2,22.1,115.3,13.7,4.6,0.1,504.9,0.1,0.0,3.5,0,0.0,,100000
2026-09-30T19:02:59+00:00,1572.2,1,15.7,32.8,1,50.5,100000,30,342.5,100000,0,100000,100000,100000,100000,"{""success"": 200}",402,100000,running,,34207,65793,3,229.2,1267,6925,764.2,22.1,115.3,13.7,4.6,0.1,504.9,0.1,0.0,3.5,0,0.0,,100000
2026-09-30T19:03:09+00:00,1582.4,1,15.7,33.8,1,53.9,100000,30,342.5,100000,0,100000,100000,100000,100000,"{""success"": 200}",402,100000,running,,33007,66993,3,130.1,1230,6962,764.2,22.1,115.3,13.7,4.6,0.1,504.9,0.1,0.0,3.5,0,0.0,,100000
2026-09-30T19:03:19+00:00,1592.6,1,15.7,31.8,1,88.7,100000,30,342.5,100000,0,100000,100000,100000,100000,"{""success"": 200}",402,100000,running,,31807,68193,3,145.2,1296,6896,764.2,22.1,115.3,13.7,4.6,0.1,504.9,0.1,0.0,3.5,0,0.0,,100000
2026-09-30T19:03:29+00:00,1602.8,1,15.7,31.3,1,75.9,100000,30,342.5,100000,0,100000,100000,100000,100000,"{""success"": 200}",402,100000,running,,30807,69193,3,141.1,1267,6925,764.2,22.1,115.3,13.7,4.6,0.1,504.9,0.1,0.0,3.5,0,0.0,,100000
2026-09-30T19:03:39+00:00,1613.1,1,15.7,32.7,1,52.8,100000,30,336.5,100000,0,100000,100000,100000,100000,"{""success"": 200}",402,100000,running,,29607,70393,3,136.3,1248,6944,764.2,22.1,115.3,13.7,4.6,0.1,504.9,0.1,0.0,3.5,0,0.0,,100000
2026-09-30T19:03:50+00:00,1623.3,1,15.7,31.0,1,74.1,100000,30,336.5,100000,0,100000,100000,100000,100000,"{""success"": 200}",402,100000,running,,28407,71593,3,142.1,1313,6879,764.2,22.1,115.3,13.7,4.6,0.1,504.9,0.1,0.0,3.5,0,0.0,,100000
2026-09-30T19:04:00+00:00,1633.5,1,15.7,32.4,1,48.9,100000,30,336.6,100000,0,100000,100000,100000,100000,"{""success"": 200}",402,100000,running,,27207,72793,3,140.1,1258,6934,764.2,22.1,115.3,13.7,4.6,0.1,504.9,0.1,0.0,3.5,0,0.0,,100000
2026-09-30T19:04:10+00:00,1643.7,1,15.7,30.9,1,50.2,100000,30,336.5,100000,0,100000,100000,100000,100000,"{""success"": 200}",402,100000,running,,26207,73793,3,142.3,1283,6909,764.2,22.1,115.3,13.7,4.6,0.1,504.9,0.1,0.0,3.5,0,0.0,,100000
2026-09-30T19:04:20+00:00,1653.9,1,15.7,31.5,1,74.4,100000,30,336.5,100000,0,100000,100000,100000,100000,"{""success"": 200}",402,100000,running,,25007,74993,3,144.2,1275,6917,764.2,22.1,115.4,13.7,4.6,0.1,504.9,0.1,0.0,3.5,0,0.0,,100000
2026-09-30T19:04:31+00:00,1664.2,1,15.7,47.5,1,37.8,100000,30,335.7,100000,0,100000,100000,100000,100000,"{""success"": 200}",402,100000,running,,23807,76193,3,126.2,1217,6975,764.3,22.1,115.4,13.7,4.6,0.1,504.9,0.1,0.0,3.5,0,0.0,,100000
2026-09-30T19:04:41+00:00,1674.5,1,14.1,69.5,1,42.3,100000,30,258.2,100000,0,100000,100000,100000,100000,"{""success"": 200}",402,100000,running,,22807,77193,3,108.4,1227,6965,764.3,22.1,115.4,13.7,4.6,0.1,504.9,0.1,0.0,3.5,0,0.0,,100000
2026-09-30T19:04:51+00:00,1685.0,1,14.1,69.8,1,47.9,100000,30,257.5,100000,0,100000,100000,100000,100000,"{""success"": 200}",402,100000,running,,21607,78393,3,210.5,1241,6951,764.3,22.1,115.4,13.7,4.6,0.1,504.9,0.1,0.0,3.5,0,0.0,,100000
2026-09-30T19:05:02+00:00,1695.2,1,14.1,70.1,1,44.3,100000,30,256.6,100000,0,100000,100000,100000,100000,"{""success"": 200}",402,100000,running,,20407,79593,3,105.7,1285,6907,764.3,22.1,115.4,13.7,4.6,0.1,504.9,0.1,0.0,3.5,0,0.0,,100000
2026-09-30T19:05:12+00:00,1705.5,1,14.1,65.9,1,45.2,100000,30,257.6,100000,0,100000,100000,100000,100000,"{""success"": 200}",402,100000,running,,19207,80793,3,135.0,1304,6888,764.3,22.1,115.4,13.7,4.6,0.1,504.9,0.1,0.0,3.5,0,0.0,,100000
2026-09-30T19:05:22+00:00,1715.8,1,14.1,66.0,1,44.6,100000,30,257.5,100000,0,100000,100000,100000,100000,"{""success"": 200}",402,100000,running,,18007,81993,3,134.4,1289,6903,764.3,22.1,115.4,13.7,4.6,0.1,504.9,0.1,0.0,3.5,0,0.0,,100000
2026-09-30T19:05:32+00:00,1726.1,1,14.1,62.0,1,44.3,100000,30,257.0,100000,0,100000,100000,100000,100000,"{""success"": 200}",402,100000,running,,16807,83193,3,134.1,1269,6923,764.3,22.1,115.4,13.7,4.6,0.1,504.9,0.1,0.0,3.5,0,0.0,,100000
2026-09-30T19:05:43+00:00,1736.4,1,14.1,67.7,1,41.8,100000,30,257.2,100000,0,100000,100000,100000,100000,"{""success"": 200}",402,100000,running,,15607,84393,3,135.4,1285,6907,764.4,22.1,115.5,13.7,4.6,0.1,504.9,0.1,0.0,3.5,0,0.0,,100000
2026-09-30T19:05:53+00:00,1746.7,1,14.1,65.8,1,46.1,100000,30,257.2,100000,0,100000,100000,100000,100000,"{""success"": 200}",402,100000,running,,14807,85193,3,135.0,1291,6901,764.4,22.1,115.5,13.7,4.6,0.1,504.9,0.1,0.0,3.5,0,0.0,,100000
2026-09-30T19:06:03+00:00,1757.0,1,14.0,60.7,1,44.0,100000,30,257.1,100000,0,100000,100000,100000,100000,"{""success"": 200}",402,100000,running,,13607,86393,3,134.0,1270,6922,764.4,22.1,115.5,13.7,4.6,0.1,504.9,0.1,0.0,3.5,0,0.0,,100000
2026-09-30T19:06:14+00:00,1767.2,1,13.9,57.6,1,39.4,100000,30,255.7,100000,0,100000,100000,100000,100000,"{""success"": 200}",402,100000,running,,12407,87593,3,133.3,1182,7010,764.4,22.1,115.5,13.7,4.6,0.1,504.9,0.1,0.0,3.5,0,0.0,,100000
2026-09-30T19:06:24+00:00,1777.6,1,13.9,54.9,1,46.9,100000,30,255.6,100000,0,100000,100000,100000,100000,"{""success"": 200}",402,100000,running,,11207,88793,3,133.2,1221,6971,764.4,22.1,115.5,13.7,4.6,0.1,504.9,0.1,0.0,3.5,0,0.0,,100000
2026-09-30T19:06:34+00:00,1787.9,1,13.9,33.1,1,76.8,100000,30,255.6,100000,0,100000,100000,100000,100000,"{""success"": 200}",402,100000,running,,9607,90393,3,142.7,1291,6901,764.4,22.1,115.5,13.7,4.6,0.1,504.9,0.1,0.0,3.5,0,0.0,,100000
2026-09-30T19:06:44+00:00,1798.1,1,13.9,33.4,1,46.5,100000,30,255.6,100000,0,100000,100000,100000,100000,"{""success"": 200}",402,100000,running,,8407,91593,3,211.5,1216,6976,764.4,22.1,115.5,13.7,4.6,0.1,504.9,0.1,0.0,3.5,0,0.0,,100000
2026-09-30T19:06:55+00:00,1808.4,1,13.9,34.5,1,44.6,100000,30,255.6,100000,0,100000,100000,100000,100000,"{""success"": 200}",402,100000,success,,6808,93192,3,131.8,1181,7011,764.4,22.1,115.5,13.7,4.6,0.1,504.9,0.1,0.0,3.5,0,0.0,,100000
2026-09-30T19:07:05+00:00,1818.8,1,13.9,33.9,1,76.4,100000,30,255.6,100000,0,100000,100000,100000,100000,"{""success"": 200}",402,100000,success,,5208,94792,3,138.1,1259,6933,764.4,22.1,115.5,13.7,4.6,0.1,504.9,0.1,0.0,3.5,0,0.0,,100000
2026-09-30T19:07:15+00:00,1829.1,1,13.9,35.2,1,47.6,100000,30,255.6,100000,0,100000,100000,100000,100000,"{""success"": 200}",402,100000,success,,4008,95992,3,137.2,1189,7003,764.4,22.1,115.5,13.7,4.6,0.1,504.9,0.1,0.0,3.5,0,0.0,,100000
2026-09-30T19:07:26+00:00,1839.4,1,13.9,35.3,1,45.2,100000,30,255.6,100000,0,100000,100000,100000,100000,"{""success"": 200}",402,100000,success,,2408,97592,3,213.9,1207,6985,764.4,22.1,115.5,13.7,4.6,0.1,504.9,0.1,0.0,3.5,0,0.0,,100000
2026-09-30T19:07:36+00:00,1849.8,1,13.9,34.3,1,76.6,100000,30,255.6,100000,0,100000,100000,100000,100000,"{""success"": 200}",402,100000,success,,408,99592,3,136.3,1209,6983,764.5,22.1,115.6,13.7,4.6,0.1,504.9,0.1,0.0,3.5,0,0.0,,100000
2026-09-30T19:07:47+00:00,1860.2,1,13.9,18.3,1,47.5,100000,30,255.6,100000,0,100000,100000,100000,100000,"{""success"": 200}",402,100000,success,,,100000,3,125.0,1230,6962,764.5,22.1,115.6,13.7,4.6,0.1,504.9,0.1,0.0,3.5,0,0.0,,100000
