ts,t,api-server_n,api-server_rss_mb,cpu_pct,dag-processor_n,dag-processor_rss_mb,mapped_tis,other_n,other_rss_mb,scheduler_n,scheduler_rss_mb,sys_avail_mb,sys_used_mb,sz__database_mb,sz_asset_event_mb,sz_dag_run_mb,sz_log_mb,sz_rendered_task_instance_fields_mb,sz_task_instance_history_mb,sz_task_instance_mb,sz_task_map_mb,sz_task_reschedule_mb,sz_xcom_mb,task_n,task_rss_mb,ti_none,ti_queued,ti_success
2026-09-30T17:52:38+00:00,0.0,1,33.0,74.5,1,92.1,0,6,207.5,2,143.3,1218,6974,516.9,10.2,51.6,13.3,4.2,0.1,387.8,0.1,0.0,2.9,0,0.0,2,,
2026-09-30T17:52:39+00:00,1.1,1,31.5,57.7,1,70.4,0,10,445.0,2,186.0,1166,7026,516.9,10.2,51.6,13.3,4.2,0.1,387.8,0.1,0.0,2.9,0,0.0,1,1,
2026-09-30T17:52:40+00:00,2.1,1,34.1,79.0,1,59.2,0,11,598.0,2,140.5,1163,7029,516.9,10.2,51.6,13.3,4.2,0.1,387.8,0.1,0.0,2.9,1,74.7,1,1,
2026-09-30T17:52:41+00:00,3.2,1,34.2,45.7,1,62.8,0,11,594.8,2,166.2,1181,7011,516.9,10.2,51.6,13.3,4.2,0.1,387.8,0.1,0.0,2.9,1,107.6,1,1,
2026-09-30T17:52:42+00:00,4.2,1,34.1,35.0,1,65.4,0,11,549.1,2,171.6,1237,6955,517.0,10.2,51.6,13.3,4.2,0.1,387.8,0.1,0.0,3.0,0,0.0,1,,1
2026-09-30T17:52:43+00:00,5.3,1,34.1,37.5,1,65.9,0,11,549.3,2,177.0,1240,6952,517.0,10.2,51.6,13.3,4.2,0.1,387.8,0.1,0.0,3.0,0,0.0,1,,1
2026-09-30T17:52:44+00:00,6.3,1,34.1,35.7,1,65.9,0,11,495.2,2,177.7,1242,6950,517.0,10.2,51.6,13.3,4.2,0.1,387.8,0.1,0.0,3.0,0,0.0,1,,1
2026-09-30T17:52:45+00:00,7.4,1,34.1,34.2,1,65.9,0,11,401.2,2,174.3,1269,6923,517.0,10.2,51.6,13.3,4.2,0.1,387.8,0.1,0.0,3.0,0,0.0,1,,1
2026-09-30T17:52:46+00:00,8.5,1,34.1,36.1,1,66.1,0,11,373.8,2,175.8,1243,6949,517.0,10.2,51.6,13.3,4.2,0.1,387.8,0.1,0.0,3.0,0,0.0,1,,1
2026-09-30T17:52:47+00:00,9.5,1,34.1,32.7,1,66.1,0,11,361.3,2,176.9,1248,6944,517.0,10.2,51.6,13.3,4.2,0.1,387.8,0.1,0.0,3.0,0,0.0,1,,1
2026-09-30T17:52:48+00:00,10.6,1,34.1,34.3,1,66.1,0,11,355.1,2,177.6,1245,6947,517.0,10.2,51.6,13.3,4.2,0.1,387.8,0.1,0.0,3.0,0,0.0,1,,1
2026-09-30T17:52:49+00:00,11.6,1,34.1,36.3,1,65.9,0,11,346.5,2,170.5,1283,6909,517.0,10.2,51.6,13.3,4.2,0.1,387.8,0.1,0.0,3.0,0,0.0,1,,1
2026-09-30T17:52:51+00:00,12.7,1,34.1,34.5,1,65.9,0,11,341.6,2,256.3,1303,6889,517.0,10.2,51.6,13.3,4.2,0.1,387.8,0.1,0.0,3.0,0,0.0,1,,1
2026-09-30T17:52:52+00:00,13.7,1,34.1,32.8,1,66.0,0,11,296.1,2,257.6,1302,6890,517.0,10.2,51.6,13.3,4.2,0.1,387.8,0.1,0.0,3.0,0,0.0,1,,1
2026-09-30T17:52:53+00:00,14.8,1,34.1,33.8,1,66.0,0,11,256.0,2,259.0,1313,6879,517.0,10.2,51.6,13.3,4.2,0.1,387.8,0.1,0.0,3.0,0,0.0,1,,1
2026-09-30T17:52:54+00:00,15.8,1,34.1,36.5,1,66.1,0,11,228.6,2,260.9,1293,6899,517.0,10.2,51.6,13.3,4.2,0.1,387.8,0.1,0.0,3.0,0,0.0,1,,1
2026-09-30T17:52:55+00:00,16.9,1,34.1,39.3,1,63.7,0,11,216.4,2,235.5,1303,6889,517.0,10.2,51.6,13.3,4.2,0.1,387.8,0.1,0.0,3.0,0,0.0,1,,1
2026-09-30T17:52:56+00:00,17.9,1,34.1,43.4,1,60.5,0,11,215.7,2,150.2,1269,6923,517.0,10.2,51.6,13.3,4.2,0.1,387.8,0.1,0.0,3.0,0,0.0,1,,1
2026-09-30T17:52:57+00:00,19.0,1,34.1,35.3,1,63.6,0,11,216.0,2,149.2,1255,6937,517.0,10.2,51.6,13.3,4.2,0.1,387.8,0.1,0.0,3.0,0,0.0,1,,1
2026-09-30T17:52:58+00:00,20.0,1,34.1,31.9,1,63.3,0,11,216.0,2,148.1,1239,6953,517.0,10.2,51.6,13.3,4.2,0.1,387.8,0.1,0.0,3.0,0,0.0,1,,1
2026-09-30T17:52:59+00:00,21.1,1,34.1,33.3,1,63.7,0,11,216.1,2,149.6,1266,6926,517.0,10.2,51.6,13.3,4.2,0.1,387.8,0.1,0.0,3.0,0,0.0,1,,1
2026-09-30T17:53:00+00:00,22.1,1,34.1,33.9,1,63.7,0,11,216.0,2,148.4,1255,6937,517.0,10.2,51.6,13.3,4.2,0.1,387.8,0.1,0.0,3.0,0,0.0,1,,1
2026-09-30T17:53:01+00:00,23.2,1,34.1,32.5,1,63.8,0,11,216.1,2,266.0,1250,6942,517.0,10.2,51.6,13.3,4.2,0.1,387.8,0.1,0.0,3.0,0,0.0,1,,1
2026-09-30T17:53:02+00:00,24.2,1,34.1,31.9,1,63.7,0,11,216.1,2,267.8,1240,6952,517.0,10.2,51.6,13.3,4.2,0.1,387.8,0.1,0.0,3.0,0,0.0,1,,1
2026-09-30T17:53:03+00:00,25.3,1,34.1,33.7,1,63.7,0,11,216.2,2,268.8,1230,6962,517.0,10.2,51.6,13.3,4.2,0.1,387.8,0.1,0.0,3.0,0,0.0,1,,1
2026-09-30T17:53:04+00:00,26.3,1,34.1,29.4,1,63.8,0,11,216.2,2,268.2,1219,6973,517.0,10.2,51.6,13.3,4.2,0.1,387.8,0.1,0.0,3.0,0,0.0,1,,1
2026-09-30T17:53:05+00:00,27.4,1,34.1,33.2,1,61.8,0,11,216.2,2,269.4,1212,6980,517.0,10.2,51.6,13.3,4.2,0.1,387.8,0.1,0.0,3.0,0,0.0,1,,1
2026-09-30T17:53:06+00:00,28.4,1,34.1,48.4,1,61.5,0,11,216.1,2,270.3,1194,6998,517.0,10.2,51.6,13.3,4.2,0.1,387.8,0.1,0.0,3.0,0,0.0,1,,1
2026-09-30T17:53:07+00:00,29.5,1,34.1,35.9,1,94.0,0,11,216.1,2,152.4,1201,6991,517.0,10.2,51.6,13.3,4.2,0.1,387.8,0.1,0.0,3.0,0,0.0,1,,1
2026-09-30T17:53:08+00:00,30.5,1,34.1,41.3,1,97.9,0,11,216.0,2,148.9,1201,6991,517.0,10.2,51.6,13.3,4.2,0.1,387.8,0.1,0.0,3.0,0,0.0,1,,1
2026-09-30T17:53:09+00:00,31.6,1,34.1,34.5,1,97.9,0,11,216.1,2,152.2,1186,7006,517.0,10.2,51.6,13.3,4.2,0.1,387.8,0.1,0.0,3.0,0,0.0,1,,1
2026-09-30T17:53:10+00:00,32.6,1,34.1,30.0,1,97.8,0,11,216.1,2,152.7,1182,7010,517.0,10.2,51.6,13.3,4.2,0.1,387.8,0.1,0.0,3.0,0,0.0,1,,1
2026-09-30T17:53:12+00:00,33.7,1,34.1,35.0,1,95.3,0,11,216.0,2,153.1,1208,6984,517.0,10.2,51.6,13.3,4.2,0.1,387.8,0.1,0.0,3.0,0,0.0,1,,1
2026-09-30T17:53:13+00:00,34.7,1,34.1,31.3,1,93.7,0,11,216.0,2,287.4,1237,6955,517.0,10.2,51.6,13.3,4.2,0.1,387.8,0.1,0.0,3.0,0,0.0,1,,1
2026-09-30T17:53:14+00:00,35.8,1,34.1,31.7,1,93.7,0,11,216.0,2,288.4,1238,6954,517.0,10.2,51.6,13.3,4.2,0.1,387.8,0.1,0.0,3.0,0,0.0,1,,1
2026-09-30T17:53:15+00:00,36.8,1,34.1,35.0,1,93.7,0,11,216.0,2,290.3,1228,6964,517.0,10.2,51.6,13.3,4.2,0.1,387.8,0.1,0.0,3.0,0,0.0,1,,1
2026-09-30T17:53:16+00:00,37.9,1,34.1,31.6,1,92.1,0,11,216.0,2,291.8,1227,6965,517.0,10.2,51.6,13.3,4.2,0.1,387.8,0.1,0.0,3.0,0,0.0,1,,1
2026-09-30T17:53:17+00:00,38.9,1,34.1,31.1,1,68.0,0,11,216.0,2,290.8,1235,6957,517.0,10.2,51.6,13.3,4.2,0.1,387.8,0.1,0.0,3.0,0,0.0,1,,1
2026-09-30T17:53:18+00:00,40.0,1,34.1,34.9,1,67.0,0,11,216.0,2,287.6,1215,6977,517.0,10.2,51.6,13.3,4.2,0.1,387.8,0.1,0.0,3.0,0,0.0,1,,1
2026-09-30T17:53:19+00:00,41.0,1,34.1,35.3,1,66.0,0,11,216.0,2,284.3,1185,7007,517.0,10.2,51.6,13.3,4.2,0.1,387.8,0.1,0.0,3.0,0,0.0,1,,1
2026-09-30T17:53:20+00:00,42.1,1,34.1,45.7,1,62.8,0,11,216.0,2,142.6,1207,6985,517.0,10.2,51.6,13.3,4.2,0.1,387.8,0.1,0.0,3.0,0,0.0,1,,1
2026-09-30T17:53:21+00:00,43.2,1,34.1,35.4,1,61.8,0,11,215.9,2,144.4,1210,6982,517.0,10.2,51.6,13.3,4.2,0.1,387.8,0.1,0.0,3.0,0,0.0,1,,1
2026-09-30T17:53:22+00:00,44.2,1,33.8,35.7,1,62.7,0,11,213.4,2,141.3,1165,7027,517.0,10.2,51.6,13.3,4.2,0.1,387.8,0.1,0.0,3.0,0,0.0,1,,1
2026-09-30T17:53:23+00:00,45.3,1,33.8,32.8,1,62.7,0,11,213.9,2,144.3,1171,7021,517.0,10.2,51.6,13.3,4.2,0.1,387.8,0.1,0.0,3.0,0,0.0,1,,1
2026-09-30T17:53:24+00:00,46.3,1,33.8,35.5,1,63.2,0,11,213.9,2,152.2,1200,6992,517.0,10.2,51.6,13.3,4.2,0.1,387.8,0.1,0.0,3.0,0,0.0,1,,1
2026-09-30T17:53:25+00:00,47.4,1,33.8,30.3,1,63.4,0,11,214.0,2,154.0,1219,6973,517.0,10.2,51.6,13.3,4.2,0.1,387.8,0.1,0.0,3.0,0,0.0,1,,1
2026-09-30T17:53:26+00:00,48.5,1,33.8,32.9,1,63.4,0,11,214.0,2,155.3,1244,6948,517.0,10.2,51.6,13.3,4.2,0.1,387.8,0.1,0.0,3.0,0,0.0,1,,1
2026-09-30T17:53:27+00:00,49.5,1,33.8,39.3,1,63.6,0,11,213.9,2,152.2,1208,6984,517.0,10.2,51.6,13.3,4.2,0.1,387.8,0.1,0.0,3.0,0,0.0,1,,1
2026-09-30T17:53:28+00:00,50.5,1,33.8,41.6,1,56.4,0,11,213.9,2,142.8,1286,6906,517.0,10.2,51.6,13.3,4.2,0.1,387.8,0.1,0.0,3.0,0,0.0,1,,1
2026-09-30T17:53:29+00:00,51.6,1,33.8,33.5,1,60.1,0,11,213.9,2,311.0,1237,6955,517.0,10.2,51.6,13.3,4.2,0.1,387.8,0.1,0.0,3.0,0,0.0,1,,1
2026-09-30T17:53:30+00:00,52.6,1,33.8,35.1,1,60.1,0,11,213.9,2,312.4,1221,6971,517.0,10.2,51.6,13.3,4.2,0.1,387.8,0.1,0.0,3.0,0,0.0,1,,1
2026-09-30T17:53:32+00:00,53.7,1,33.8,31.6,1,60.2,0,11,214.0,2,314.3,1228,6964,517.0,10.2,51.6,13.3,4.2,0.1,387.8,0.1,0.0,3.0,0,0.0,1,,1
2026-09-30T17:53:33+00:00,54.8,1,33.8,34.7,1,63.4,0,11,214.0,2,315.7,1242,6950,517.0,10.2,51.6,13.3,4.2,0.1,387.8,0.1,0.0,3.0,0,0.0,1,,1
2026-09-30T17:53:34+00:00,55.8,1,33.8,31.6,1,63.4,0,11,214.0,2,317.1,1248,6944,517.0,10.2,51.6,13.3,4.2,0.1,387.8,0.1,0.0,3.0,0,0.0,1,,1
2026-09-30T17:53:35+00:00,56.8,1,33.8,30.4,1,63.5,0,11,214.0,2,317.4,1232,6960,517.0,10.2,51.6,13.3,4.2,0.1,387.8,0.1,0.0,3.0,0,0.0,1,,1
2026-09-30T17:53:36+00:00,57.9,1,33.8,39.0,1,63.5,0,11,214.0,2,170.8,1173,7019,517.0,10.2,51.6,13.3,4.2,0.1,387.8,0.1,0.0,3.0,0,0.0,1,,1
2026-09-30T17:53:37+00:00,58.9,1,33.8,33.9,1,63.4,0,11,214.0,2,150.0,1179,7013,517.0,10.2,51.6,13.3,4.2,0.1,387.8,0.1,0.0,3.0,0,0.0,1,,1
2026-09-30T17:53:38+00:00,60.0,1,33.7,50.3,1,93.6,0,11,213.8,2,141.8,1242,6950,517.0,10.2,51.6,13.3,4.2,0.1,387.8,0.1,0.0,3.0,0,0.0,1,,1
2026-09-30T17:53:39+00:00,61.0,1,33.8,39.0,2,160.9,0,11,213.9,2,145.7,1243,6949,517.0,10.2,51.6,13.3,4.2,0.1,387.8,0.1,0.0,3.0,0,0.0,1,,1
2026-09-30T17:53:40+00:00,62.1,1,33.8,30.3,1,97.5,0,11,213.9,2,150.1,1249,6943,517.0,10.2,51.6,13.3,4.2,0.1,387.8,0.1,0.0,3.0,0,0.0,1,,1
2026-09-30T17:53:41+00:00,63.1,1,33.8,32.6,1,97.5,0,11,213.9,2,151.7,1242,6950,517.0,10.2,51.6,13.3,4.2,0.1,387.8,0.1,0.0,3.0,0,0.0,1,,1
2026-09-30T17:53:42+00:00,64.2,1,33.8,35.1,1,97.5,0,11,213.9,2,154.5,1241,6951,517.0,10.2,51.6,13.3,4.2,0.1,387.8,0.1,0.0,3.0,0,0.0,1,,1
2026-09-30T17:53:43+00:00,65.2,1,33.8,31.2,1,83.7,0,11,213.9,2,152.7,1251,6941,517.0,10.2,51.6,13.3,4.2,0.1,387.8,0.1,0.0,3.0,0,0.0,1,,1
2026-09-30T17:53:44+00:00,66.3,1,33.8,33.7,1,80.6,0,11,213.9,2,154.0,1243,6949,517.0,10.2,51.6,13.3,4.2,0.1,387.8,0.1,0.0,3.0,0,0.0,1,,1
2026-09-30T17:53:45+00:00,67.3,1,33.8,33.2,1,78.3,0,11,213.9,2,153.2,1245,6947,517.0,10.2,51.6,13.3,4.2,0.1,387.8,0.1,0.0,3.0,0,0.0,1,,1
2026-09-30T17:53:46+00:00,68.4,1,33.8,29.2,1,78.3,0,11,213.9,2,154.5,1252,6940,517.0,10.2,51.6,13.3,4.2,0.1,387.8,0.1,0.0,3.0,0,0.0,1,,1
2026-09-30T17:53:47+00:00,69.4,1,33.8,32.6,1,80.4,0,11,213.9,2,155.7,1260,6932,517.0,10.2,51.6,13.3,4.2,0.1,387.8,0.1,0.0,3.0,0,0.0,1,,1
2026-09-30T17:53:48+00:00,70.5,1,33.8,33.4,1,80.4,0,11,214.0,2,157.1,1243,6949,517.0,10.2,51.6,13.3,4.2,0.1,387.8,0.1,0.0,3.0,0,0.0,1,,1
2026-09-30T17:53:49+00:00,71.5,1,33.8,32.9,1,80.2,0,11,214.0,2,155.3,1206,6986,517.0,10.2,51.6,13.3,4.2,0.1,387.8,0.1,0.0,3.0,0,0.0,1,,1
2026-09-30T17:53:50+00:00,72.6,1,33.8,34.2,1,80.2,0,11,214.0,2,155.4,1204,6988,517.0,10.2,51.6,13.3,4.2,0.1,387.8,0.1,0.0,3.0,0,0.0,1,,1
2026-09-30T17:53:51+00:00,73.6,1,33.8,32.8,1,62.1,0,11,213.9,2,445.4,1188,7004,517.0,10.2,51.6,13.3,4.2,0.1,387.8,0.1,0.0,3.0,0,0.0,1,,1
2026-09-30T17:53:53+00:00,74.7,1,33.8,29.2,1,63.1,0,11,213.9,2,644.0,1174,7018,517.2,10.2,51.6,13.3,4.2,0.1,388.0,0.1,0.0,3.0,0,0.0,1,,1
2026-09-30T17:53:54+00:00,75.7,1,33.7,29.4,1,62.9,0,11,213.8,2,455.0,1167,7025,518.5,10.2,51.6,13.3,4.2,0.1,389.3,0.1,0.0,3.0,0,0.0,1,,1
2026-09-30T17:53:55+00:00,76.8,1,33.8,34.0,1,60.1,0,11,213.0,2,188.5,1165,7027,520.5,10.2,51.6,13.3,4.2,0.1,391.3,0.1,0.0,3.0,0,0.0,1,,1
2026-09-30T17:53:56+00:00,77.8,1,33.7,27.8,1,60.2,0,11,213.6,2,231.9,1168,7024,522.6,10.2,51.6,13.3,4.2,0.1,393.4,0.1,0.0,3.0,0,0.0,1,,1
2026-09-30T17:53:57+00:00,78.8,1,33.7,33.5,1,59.4,0,11,212.9,2,667.9,1173,7019,523.9,10.2,51.6,13.3,4.2,0.1,394.7,0.1,0.0,3.0,0,0.0,1,,1
2026-09-30T17:53:58+00:00,79.9,1,33.7,31.9,1,63.2,0,11,213.8,2,613.2,1202,6990,523.9,10.2,51.6,13.3,4.2,0.1,394.7,0.1,0.0,3.0,0,0.0,1,,1
2026-09-30T17:53:59+00:00,81.0,1,33.8,32.5,1,63.1,0,11,213.9,2,570.7,1231,6961,523.9,10.2,51.6,13.3,4.2,0.1,394.7,0.1,0.0,3.0,0,0.0,1,,1
2026-09-30T17:54:00+00:00,82.1,1,33.8,33.6,1,63.6,0,11,213.9,2,556.7,1236,6956,523.9,10.2,51.6,13.3,4.2,0.1,394.7,0.1,0.0,3.0,0,0.0,1,,1
2026-09-30T17:54:01+00:00,83.1,1,33.8,31.5,1,63.7,0,11,213.9,2,493.5,1232,6960,523.9,10.2,51.6,13.3,4.2,0.1,394.7,0.1,0.0,3.0,0,0.0,1,,1
2026-09-30T17:54:02+00:00,84.2,1,33.8,31.7,1,63.8,0,11,213.9,2,442.2,1232,6960,523.9,10.2,51.6,13.3,4.2,0.1,394.7,0.1,0.0,3.0,0,0.0,1,,1
2026-09-30T17:54:03+00:00,85.3,1,33.8,34.0,1,63.9,0,11,213.9,2,309.1,1245,6947,523.9,10.2,51.6,13.3,4.2,0.1,394.7,0.1,0.0,3.0,0,0.0,1,,1
2026-09-30T17:54:04+00:00,86.3,1,33.8,29.8,1,63.9,0,11,213.9,2,240.3,1271,6921,523.9,10.2,51.6,13.3,4.2,0.1,394.7,0.1,0.0,3.0,0,0.0,1,,1
2026-09-30T17:54:05+00:00,87.4,1,33.8,32.9,1,63.9,0,11,213.9,2,239.0,1287,6905,523.9,10.2,51.6,13.3,4.2,0.1,394.7,0.1,0.0,3.0,0,0.0,1,,1
2026-09-30T17:54:06+00:00,88.5,1,33.8,32.7,1,64.8,0,11,213.9,2,218.6,1287,6905,523.9,10.2,51.6,13.3,4.2,0.1,394.7,0.1,0.0,3.0,0,0.0,1,,1
2026-09-30T17:54:07+00:00,89.6,1,33.8,28.9,1,64.8,0,11,213.9,2,203.5,1305,6887,523.9,10.2,51.6,13.3,4.2,0.1,394.7,0.1,0.0,3.0,0,0.0,1,,1
2026-09-30T17:54:09+00:00,90.6,1,33.7,37.6,1,94.5,0,11,213.9,2,176.1,1311,6881,523.9,10.2,51.6,13.3,4.2,0.1,394.7,0.1,0.0,3.0,0,0.0,1,,1
2026-09-30T17:54:10+00:00,91.7,1,33.7,39.9,1,98.0,0,11,213.9,2,171.9,1310,6882,523.9,10.2,51.6,13.3,4.2,0.1,394.7,0.1,0.0,3.0,0,0.0,1,,1
2026-09-30T17:54:11+00:00,92.8,1,33.8,28.3,1,98.0,0,11,214.0,2,176.1,1308,6884,523.9,10.2,51.6,13.3,4.2,0.1,394.7,0.1,0.0,3.0,0,0.0,1,,1
2026-09-30T17:54:12+00:00,93.8,1,33.8,37.5,1,98.0,0,11,214.0,2,178.1,1292,6900,523.9,10.2,51.6,13.3,4.2,0.1,394.7,0.1,0.0,3.0,0,0.0,1,,1
2026-09-30T17:54:13+00:00,94.9,1,33.8,32.0,1,98.0,0,11,214.0,2,179.6,1290,6902,523.9,10.2,51.6,13.3,4.2,0.1,394.7,0.1,0.0,3.0,0,0.0,1,,1
2026-09-30T17:54:14+00:00,96.0,1,33.8,31.5,1,98.0,0,11,214.0,2,181.3,1293,6899,523.9,10.2,51.6,13.3,4.2,0.1,394.7,0.1,0.0,3.0,0,0.0,1,,1
2026-09-30T17:54:15+00:00,97.0,1,33.8,33.2,1,98.0,0,11,214.0,2,181.1,1298,6894,523.9,10.2,51.6,13.3,4.2,0.1,394.7,0.1,0.0,3.0,0,0.0,1,,1
2026-09-30T17:54:16+00:00,98.1,1,33.8,29.5,1,98.0,0,11,214.0,2,182.9,1297,6895,523.9,10.2,51.6,13.3,4.2,0.1,394.7,0.1,0.0,3.0,0,0.0,1,,1
2026-09-30T17:54:17+00:00,99.2,1,33.8,30.1,1,97.5,0,11,214.0,2,184.1,1299,6893,523.9,10.2,51.6,13.3,4.2,0.1,394.7,0.1,0.0,3.0,0,0.0,1,,1
2026-09-30T17:54:18+00:00,100.3,1,33.8,33.0,1,97.5,0,11,214.0,2,184.8,1308,6884,523.9,10.2,51.6,13.3,4.2,0.1,394.7,0.1,0.0,3.0,0,0.0,1,,1
2026-09-30T17:54:19+00:00,101.4,1,33.8,30.2,1,96.2,0,11,214.0,2,182.8,1295,6897,523.9,10.2,51.6,13.3,4.2,0.1,394.7,0.1,0.0,3.0,0,0.0,1,,1
2026-09-30T17:54:20+00:00,102.4,1,33.8,31.2,1,94.4,0,11,214.0,2,394.7,1338,6854,523.9,10.2,51.6,13.3,4.2,0.1,394.7,0.1,0.0,3.0,0,0.0,1,,1
2026-09-30T17:54:21+00:00,103.4,1,33.8,32.9,1,90.3,0,11,214.0,2,395.4,1327,6865,523.9,10.2,51.6,13.3,4.2,0.1,394.7,0.1,0.0,3.0,0,0.0,1,,1
2026-09-30T17:54:22+00:00,104.5,1,33.8,29.1,1,78.4,0,11,214.0,2,396.1,1333,6859,523.9,10.2,51.6,13.3,4.2,0.1,394.7,0.1,0.0,3.0,0,0.0,1,,1
2026-09-30T17:54:23+00:00,105.6,1,33.8,32.6,1,75.3,0,11,214.0,2,397.3,1335,6857,523.9,10.2,51.6,13.3,4.2,0.1,394.7,0.1,0.0,3.0,0,0.0,1,,1
2026-09-30T17:54:25+00:00,106.7,1,33.7,39.1,1,62.3,0,11,213.9,2,388.8,1340,6852,523.9,10.2,51.6,13.3,4.2,0.1,394.7,0.1,0.0,3.0,0,0.0,1,,1
2026-09-30T17:54:26+00:00,107.7,1,33.8,29.7,1,66.8,0,11,214.0,2,391.2,1314,6878,523.9,10.2,51.6,13.3,4.2,0.1,394.7,0.1,0.0,3.0,0,0.0,1,,1
2026-09-30T17:54:27+00:00,108.8,1,33.8,34.9,1,66.6,0,11,214.0,2,389.8,1301,6891,523.9,10.2,51.6,13.3,4.2,0.1,394.7,0.1,0.0,3.0,0,0.0,1,,1
2026-09-30T17:54:28+00:00,109.9,1,33.8,33.3,1,63.2,0,11,214.0,2,333.0,1278,6914,523.9,10.2,51.6,13.3,4.2,0.1,394.7,0.1,0.0,3.0,0,0.0,1,,1
2026-09-30T17:54:29+00:00,111.0,1,33.8,30.1,1,64.2,0,11,214.0,2,315.7,1271,6921,523.9,10.2,51.6,13.3,4.2,0.1,394.7,0.1,0.0,3.0,0,0.0,1,,1
2026-09-30T17:54:30+00:00,112.0,1,33.8,33.5,1,64.2,0,11,214.0,2,218.6,1278,6914,523.9,10.2,51.6,13.3,4.2,0.1,394.7,0.1,0.0,3.0,0,0.0,1,,1
2026-09-30T17:54:31+00:00,113.1,1,33.8,29.9,1,64.2,0,11,214.0,2,220.6,1272,6920,523.9,10.2,51.6,13.3,4.2,0.1,394.7,0.1,0.0,3.0,0,0.0,1,,1
2026-09-30T17:54:32+00:00,114.2,1,33.8,31.8,1,64.2,0,11,214.1,2,222.7,1277,6915,523.9,10.2,51.6,13.3,4.2,0.1,394.7,0.1,0.0,3.0,0,0.0,1,,1
2026-09-30T17:54:33+00:00,115.2,1,33.8,32.9,1,64.3,0,11,214.1,2,224.8,1288,6904,523.9,10.2,51.6,13.3,4.2,0.1,394.7,0.1,0.0,3.0,0,0.0,1,,1
2026-09-30T17:54:34+00:00,116.3,1,33.8,29.1,1,64.4,0,11,214.1,2,217.2,1286,6906,523.9,10.2,51.6,13.3,4.2,0.1,394.7,0.1,0.0,3.0,0,0.0,1,,1
2026-09-30T17:54:35+00:00,117.4,1,33.8,34.5,1,64.3,0,11,214.1,2,178.8,1292,6900,523.9,10.2,51.6,13.3,4.2,0.1,394.7,0.1,0.0,3.0,0,0.0,1,,1
2026-09-30T17:54:36+00:00,118.4,1,33.8,32.2,1,64.4,0,11,214.1,2,181.5,1289,6903,523.9,10.2,51.6,13.3,4.2,0.1,394.7,0.1,0.0,3.0,0,0.0,1,,1
2026-09-30T17:54:37+00:00,119.5,1,33.8,29.4,1,64.4,0,11,214.1,2,183.0,1286,6906,523.9,10.2,51.6,13.3,4.2,0.1,394.7,0.1,0.0,3.0,0,0.0,1,,1
2026-09-30T17:54:38+00:00,120.6,1,33.8,39.8,1,94.2,0,11,215.5,2,168.2,1301,6891,523.9,10.2,51.6,13.3,4.2,0.1,394.7,0.1,0.0,3.0,0,0.0,1,,1
2026-09-30T17:54:39+00:00,121.6,1,33.7,37.3,1,94.1,0,11,214.4,2,169.1,1271,6921,523.9,10.2,51.6,13.3,4.2,0.1,394.7,0.1,0.0,3.0,0,0.0,1,,1
2026-09-30T17:54:41+00:00,122.7,1,33.7,43.5,1,96.1,0,11,215.2,2,417.3,1283,6909,523.9,10.2,51.6,13.3,4.2,0.1,394.7,0.1,0.0,3.0,0,0.0,1,,1
2026-09-30T17:54:42+00:00,123.8,1,33.7,34.8,1,83.2,0,11,213.9,2,418.1,1276,6916,523.9,10.2,51.6,13.3,4.2,0.1,394.7,0.1,0.0,3.0,0,0.0,1,,1
2026-09-30T17:54:43+00:00,124.8,1,33.8,33.9,1,72.4,0,11,214.0,2,417.0,1282,6910,523.9,10.2,51.6,13.3,4.2,0.1,394.7,0.1,0.0,3.0,0,0.0,1,,1
2026-09-30T17:54:44+00:00,125.9,1,33.8,33.1,1,71.0,0,11,214.0,2,414.5,1278,6914,523.9,10.2,51.6,13.3,4.2,0.1,394.7,0.1,0.0,3.0,0,0.0,1,,1
2026-09-30T17:54:45+00:00,127.0,1,33.8,33.6,1,71.0,0,11,214.0,2,416.8,1288,6904,523.9,10.2,51.6,13.3,4.2,0.1,394.7,0.1,0.0,3.0,0,0.0,1,,1
2026-09-30T17:54:46+00:00,128.1,1,33.8,30.9,1,70.0,0,11,214.0,2,417.2,1286,6906,523.9,10.2,51.6,13.3,4.2,0.1,394.7,0.1,0.0,3.0,0,0.0,1,,1
2026-09-30T17:54:47+00:00,129.2,1,33.8,32.2,1,69.0,0,11,214.0,2,415.1,1276,6916,523.9,10.2,51.6,13.3,4.2,0.1,394.7,0.1,0.0,3.0,0,0.0,1,,1
2026-09-30T17:54:48+00:00,130.2,1,33.8,33.0,1,68.4,0,11,214.0,2,372.4,1259,6933,523.9,10.2,51.6,13.3,4.2,0.1,394.7,0.1,0.0,3.0,0,0.0,1,,1
2026-09-30T17:54:49+00:00,131.3,1,33.8,29.6,1,68.6,0,11,214.0,2,325.7,1261,6931,523.9,10.2,51.6,13.3,4.2,0.1,394.7,0.1,0.0,3.0,0,0.0,1,,1
2026-09-30T17:54:50+00:00,132.4,1,33.8,32.9,1,68.6,0,11,214.0,2,304.1,1260,6932,523.9,10.2,51.6,13.3,4.2,0.1,394.7,0.1,0.0,3.0,0,0.0,1,,1
2026-09-30T17:54:51+00:00,133.5,1,33.8,34.6,1,67.8,0,11,214.0,2,171.4,1276,6916,523.9,10.2,51.6,13.3,4.2,0.1,394.7,0.1,0.0,3.0,0,0.0,1,,1
2026-09-30T17:54:52+00:00,134.5,1,33.8,29.2,1,67.9,0,11,214.0,2,173.8,1256,6936,523.9,10.2,51.6,13.3,4.2,0.1,394.7,0.1,0.0,3.0,0,0.0,1,,1
2026-09-30T17:54:53+00:00,135.6,1,33.8,33.1,1,67.9,0,11,214.0,2,176.1,1263,6929,523.9,10.2,51.6,13.3,4.2,0.1,394.7,0.1,0.0,3.0,0,0.0,1,,1
2026-09-30T17:54:55+00:00,136.7,1,33.7,40.2,1,63.8,0,11,213.9,2,166.4,1295,6897,523.9,10.2,51.6,13.3,4.2,0.1,394.7,0.1,0.0,3.0,0,0.0,1,,1
2026-09-30T17:54:56+00:00,137.8,1,33.8,32.1,1,61.4,0,11,214.0,2,167.9,1272,6920,523.9,10.2,51.6,13.3,4.2,0.1,394.7,0.1,0.0,3.0,0,0.0,1,,1
2026-09-30T17:54:57+00:00,138.8,1,33.8,32.9,1,61.5,0,11,214.0,2,171.2,1289,6903,523.9,10.2,51.6,13.3,4.2,0.1,394.7,0.1,0.0,3.0,0,0.0,1,,1
2026-09-30T17:54:58+00:00,139.9,1,33.8,30.4,1,61.5,0,11,214.0,2,173.2,1303,6889,523.9,10.2,51.6,13.3,4.2,0.1,394.7,0.1,0.0,3.0,0,0.0,1,,1
2026-09-30T17:54:59+00:00,141.0,1,33.8,31.7,1,64.1,0,11,214.0,2,172.2,1293,6899,523.9,10.2,51.6,13.3,4.2,0.1,394.7,0.1,0.0,3.0,0,0.0,1,,1
2026-09-30T17:55:00+00:00,142.0,1,33.8,33.5,1,64.1,0,11,214.0,2,170.7,1303,6889,523.9,10.2,51.6,13.3,4.2,0.1,394.7,0.1,0.0,3.0,0,0.0,1,,1
2026-09-30T17:55:01+00:00,143.1,1,33.8,32.7,1,64.0,0,11,214.0,2,166.1,1301,6891,523.9,10.2,51.6,13.3,4.2,0.1,394.7,0.1,0.0,3.0,0,0.0,1,,1
2026-09-30T17:55:02+00:00,144.2,1,33.8,29.1,1,64.1,0,11,214.0,2,169.8,1293,6899,523.9,10.2,51.6,13.3,4.2,0.1,394.7,0.1,0.0,3.0,0,0.0,1,,1
2026-09-30T17:55:03+00:00,145.2,1,33.8,32.2,1,64.2,0,11,214.0,2,172.0,1288,6904,523.9,10.2,51.6,13.3,4.2,0.1,394.7,0.1,0.0,3.0,0,0.0,1,,1
2026-09-30T17:55:04+00:00,146.3,1,33.8,29.5,1,64.2,0,11,214.0,2,172.9,1291,6901,523.9,10.2,51.6,13.3,4.2,0.1,394.7,0.1,0.0,3.0,0,0.0,1,,1
2026-09-30T17:55:05+00:00,147.4,1,33.8,32.5,1,64.2,0,11,214.0,2,175.0,1295,6897,523.9,10.2,51.6,13.3,4.2,0.1,394.7,0.1,0.0,3.0,0,0.0,1,,1
2026-09-30T17:55:06+00:00,148.4,1,33.8,35.1,1,65.1,0,11,213.9,2,170.6,1267,6925,523.9,10.2,51.6,13.3,4.2,0.1,394.7,0.1,0.0,3.0,0,0.0,1,,1
2026-09-30T17:55:07+00:00,149.5,1,33.8,26.6,1,65.1,0,11,214.0,2,267.2,1252,6940,523.9,10.2,51.6,13.3,4.2,0.1,394.7,0.1,0.0,3.0,0,0.0,1,,1
2026-09-30T17:55:08+00:00,150.5,1,33.8,34.7,1,64.2,0,11,214.0,2,446.5,1253,6939,523.9,10.2,51.6,13.3,4.2,0.1,394.7,0.1,0.0,3.0,0,0.0,1,,1
2026-09-30T17:55:09+00:00,151.6,1,33.8,37.2,1,94.6,0,11,214.0,2,444.0,1235,6957,523.9,10.2,51.6,13.3,4.2,0.1,394.7,0.1,0.0,3.0,0,0.0,1,,1
2026-09-30T17:55:11+00:00,152.7,1,33.8,37.1,1,97.9,0,11,213.9,2,438.2,1219,6973,523.9,10.2,51.6,13.3,4.2,0.1,394.7,0.1,0.0,3.0,0,0.0,1,,1
2026-09-30T17:55:12+00:00,153.7,1,33.8,31.2,1,94.0,0,11,213.9,2,349.6,1230,6962,523.9,10.2,51.6,13.3,4.2,0.1,394.7,0.1,0.0,3.0,0,0.0,1,,1
2026-09-30T17:55:13+00:00,154.8,1,33.8,34.1,1,93.5,0,11,214.0,2,314.9,1239,6953,523.9,10.2,51.6,13.3,4.2,0.1,394.7,0.1,0.0,3.0,0,0.0,1,,1
2026-09-30T17:55:14+00:00,155.9,1,33.8,32.6,1,93.8,0,11,213.9,2,239.0,1239,6953,523.9,10.2,51.6,13.3,4.2,0.1,394.7,0.1,0.0,3.0,0,0.0,1,,1
2026-09-30T17:55:15+00:00,156.9,1,33.7,39.2,1,81.0,0,11,214.0,2,164.1,1216,6976,523.9,10.2,51.6,13.3,4.2,0.1,394.7,0.1,0.0,3.0,0,0.0,1,,1
2026-09-30T17:55:16+00:00,158.0,1,33.8,42.3,1,69.9,0,11,214.0,2,162.8,1201,6991,523.9,10.2,51.6,13.3,4.2,0.1,394.7,0.1,0.0,3.0,0,0.0,1,,1
2026-09-30T17:55:17+00:00,159.1,1,33.8,32.4,1,66.5,0,11,214.0,2,160.5,1195,6997,523.9,10.2,51.6,13.3,4.2,0.1,394.7,0.1,0.0,3.0,0,0.0,1,,1
2026-09-30T17:55:18+00:00,160.1,1,33.8,31.8,1,66.6,0,11,214.0,2,163.9,1197,6995,523.9,10.2,51.6,13.3,4.2,0.1,394.7,0.1,0.0,3.0,0,0.0,1,,1
2026-09-30T17:55:19+00:00,161.2,1,33.8,30.0,1,67.0,0,11,214.0,2,166.1,1191,7001,523.9,10.2,51.6,13.3,4.2,0.1,394.7,0.1,0.0,3.0,0,0.0,1,,1
2026-09-30T17:55:20+00:00,162.3,1,33.8,33.6,1,65.3,0,11,214.0,2,165.3,1207,6985,523.9,10.2,51.6,13.3,4.2,0.1,394.7,0.1,0.0,3.0,0,0.0,1,,1
2026-09-30T17:55:21+00:00,163.4,1,33.8,35.7,1,63.9,0,11,213.9,2,163.5,1198,6994,523.9,10.2,51.6,13.3,4.2,0.1,394.7,0.1,0.0,3.0,0,0.0,1,,1
2026-09-30T17:55:22+00:00,164.5,1,33.8,31.3,1,61.3,0,11,213.9,2,164.4,1189,7003,523.9,10.2,51.6,13.3,4.2,0.1,394.7,0.1,0.0,3.0,0,0.0,1,,1
2026-09-30T17:55:23+00:00,165.5,1,33.8,33.1,1,64.7,0,11,213.9,2,167.3,1187,7005,523.9,10.2,51.6,13.3,4.2,0.1,394.7,0.1,0.0,3.0,0,0.0,1,,1
2026-09-30T17:55:24+00:00,166.6,1,33.8,36.1,1,66.8,0,11,213.9,2,168.4,1191,7001,523.9,10.2,51.6,13.3,4.2,0.1,394.7,0.1,0.0,3.0,0,0.0,1,,1
2026-09-30T17:55:26+00:00,167.7,1,33.8,31.7,1,66.8,0,11,213.9,2,165.8,1206,6986,523.9,10.2,51.6,13.3,4.2,0.1,394.7,0.1,0.0,3.0,0,0.0,1,,1
2026-09-30T17:55:27+00:00,168.7,1,33.8,33.7,1,67.0,0,11,213.9,2,168.4,1193,6999,523.9,10.2,51.6,13.3,4.2,0.1,394.7,0.1,0.0,3.0,0,0.0,1,,1
2026-09-30T17:55:28+00:00,169.8,1,33.7,34.6,1,65.8,0,11,213.8,2,164.9,1206,6986,523.9,10.2,51.6,13.3,4.2,0.1,394.7,0.1,0.0,3.0,0,0.0,1,,1
2026-09-30T17:55:29+00:00,170.9,1,33.8,30.4,1,66.3,0,11,213.9,2,167.3,1207,6985,523.9,10.2,51.6,13.3,4.2,0.1,394.7,0.1,0.0,3.0,0,0.0,1,,1
2026-09-30T17:55:30+00:00,172.0,1,33.8,32.0,1,66.7,0,11,213.9,2,168.1,1205,6987,523.9,10.2,51.6,13.3,4.2,0.1,394.7,0.1,0.0,3.0,0,0.0,1,,1
2026-09-30T17:55:31+00:00,173.1,1,33.8,30.0,1,66.9,0,11,213.9,2,170.7,1215,6977,523.9,10.2,51.6,13.3,4.2,0.1,394.7,0.1,0.0,3.0,0,0.0,1,,1
2026-09-30T17:55:32+00:00,174.1,1,33.8,31.8,1,66.8,0,11,213.9,2,172.4,1209,6983,523.9,10.2,51.6,13.3,4.2,0.1,394.7,0.1,0.0,3.0,0,0.0,1,,1
2026-09-30T17:55:33+00:00,175.2,1,33.8,34.6,1,64.0,0,11,213.9,2,171.1,1207,6985,523.9,10.2,51.6,13.3,4.2,0.1,394.7,0.1,0.0,3.0,0,0.0,1,,1
2026-09-30T17:55:34+00:00,176.3,1,33.8,29.1,1,64.1,0,11,213.9,2,173.2,1198,6994,523.9,10.2,51.6,13.3,4.2,0.1,394.7,0.1,0.0,3.0,0,0.0,1,,1
2026-09-30T17:55:35+00:00,177.4,1,33.8,36.4,1,64.1,0,11,213.9,2,166.9,1196,6996,523.9,10.2,51.6,13.3,4.2,0.1,394.7,0.1,0.0,3.0,0,0.0,1,,1
2026-09-30T17:55:36+00:00,178.4,1,33.8,34.0,1,64.2,0,11,213.9,2,164.8,1219,6973,523.9,10.2,51.6,13.3,4.2,0.1,394.7,0.1,0.0,3.0,0,0.0,1,,1
2026-09-30T17:55:37+00:00,179.5,1,33.8,30.5,1,64.2,0,11,213.9,2,168.1,1186,7006,523.9,10.2,51.6,13.3,4.2,0.1,394.7,0.1,0.0,3.0,0,0.0,1,,1
2026-09-30T17:55:38+00:00,180.6,1,33.8,37.7,1,60.7,0,11,213.0,2,487.0,1209,6983,523.9,10.2,51.6,13.3,4.2,0.1,394.7,0.1,0.0,3.0,0,0.0,1,,1
2026-09-30T17:55:40+00:00,181.7,1,33.8,38.7,1,94.2,0,11,213.9,2,483.9,1207,6985,523.9,10.2,51.6,13.3,4.2,0.1,394.7,0.1,0.0,3.0,0,0.0,1,,1
2026-09-30T17:55:41+00:00,182.7,1,33.8,32.2,1,94.4,0,11,213.7,2,485.6,1205,6987,523.9,10.2,51.6,13.3,4.2,0.1,394.7,0.1,0.0,3.0,0,0.0,1,,1
2026-09-30T17:55:42+00:00,183.8,1,33.8,35.7,1,97.8,0,11,213.7,2,461.1,1203,6989,523.9,10.2,51.6,13.3,4.2,0.1,394.7,0.1,0.0,3.0,0,0.0,1,,1
2026-09-30T17:55:43+00:00,184.8,1,33.8,32.5,1,97.8,0,11,213.7,2,398.1,1180,7012,523.9,10.2,51.6,13.3,4.2,0.1,394.7,0.1,0.0,3.0,0,0.0,1,,1
2026-09-30T17:55:44+00:00,185.9,1,33.8,31.0,1,94.8,0,11,213.7,2,294.8,1218,6974,523.9,10.2,51.6,13.3,4.2,0.1,394.7,0.1,0.0,3.0,0,0.0,1,,1
2026-09-30T17:55:45+00:00,186.9,1,33.8,34.7,1,94.9,0,11,213.7,2,248.7,1217,6975,523.9,10.2,51.6,13.3,4.2,0.1,394.7,0.1,0.0,3.0,0,0.0,1,,1
2026-09-30T17:55:46+00:00,188.0,1,33.8,30.8,1,94.9,0,11,213.7,2,260.5,1219,6973,523.9,10.2,51.6,13.3,4.2,0.1,394.7,0.1,0.0,3.0,0,0.0,1,,1
2026-09-30T17:55:47+00:00,189.1,1,33.8,23.2,1,68.1,0,11,213.7,2,214.2,1172,7020,525.2,10.2,51.6,13.3,4.2,0.1,396.0,0.1,0.0,3.0,0,0.0,1,,1
2026-09-30T17:55:48+00:00,190.1,1,33.8,28.5,1,65.9,0,11,213.7,2,213.4,1183,7009,526.8,10.2,51.6,13.3,4.2,0.1,397.5,0.1,0.0,3.0,0,0.0,1,,1
2026-09-30T17:55:49+00:00,191.2,1,33.0,31.5,1,61.5,30000,11,212.1,2,400.5,1167,7025,527.0,10.2,51.6,13.3,4.2,0.1,397.8,0.1,0.0,3.0,0,0.0,,,30001
2026-09-30T17:55:50+00:00,192.2,1,33.0,34.3,1,62.2,30000,11,212.1,2,598.7,1175,7017,527.0,10.2,51.6,13.3,4.2,0.1,397.8,0.1,0.0,3.0,0,0.0,,,30001
2026-09-30T17:55:51+00:00,193.3,1,33.0,28.9,1,62.2,30000,11,212.2,2,561.7,1193,6999,527.0,10.2,51.6,13.3,4.2,0.1,397.8,0.1,0.0,3.0,0,0.0,,,30001
