ts,t,api-server_n,api-server_rss_mb,cpu_pct,dag-processor_n,dag-processor_rss_mb,mapped_tis,other_n,other_rss_mb,run_queued,run_running,run_success,scheduler_n,scheduler_rss_mb,sys_avail_mb,sys_used_mb,sz__database_mb,sz_asset_event_mb,sz_dag_run_mb,sz_log_mb,sz_rendered_task_instance_fields_mb,sz_task_instance_history_mb,sz_task_instance_mb,sz_task_map_mb,sz_task_reschedule_mb,sz_xcom_mb,task_n,task_rss_mb,ti_none,ti_success
2026-09-30T01:58:32+00:00,0.0,1,16.1,77.7,1,50.2,10000,13,338.5,7502,2498,,1,72.8,1336,6856,353.9,5.3,40.5,12.9,3.9,0.1,255.2,0.1,0.0,2.1,0,0.0,7502,2498
2026-09-30T01:58:35+00:00,3.1,1,16.1,28.2,1,68.3,10000,13,275.3,7302,2698,,1,70.8,1399,6793,354.0,5.3,40.5,12.9,3.9,0.1,255.2,0.1,0.0,2.1,0,0.0,7302,2698
2026-09-30T01:58:38+00:00,6.1,1,16.1,29.2,1,49.0,10000,13,161.7,7102,2898,,1,154.9,1486,6706,354.0,5.3,40.5,12.9,3.9,0.1,255.2,0.1,0.0,2.1,0,0.0,7302,2698
2026-09-30T01:58:41+00:00,9.2,1,16.1,24.9,1,46.9,10000,13,161.8,6902,3098,,1,156.2,1461,6731,354.0,5.3,40.5,12.9,3.9,0.1,255.2,0.1,0.0,2.1,0,0.0,6902,3098
2026-09-30T01:58:44+00:00,12.2,1,16.1,25.5,1,51.2,10000,13,162.0,6702,3298,,1,136.8,1428,6764,354.0,5.3,40.5,12.9,3.9,0.1,255.2,0.1,0.0,2.1,0,0.0,6902,3098
2026-09-30T01:58:48+00:00,15.3,1,16.1,25.8,1,73.0,10000,13,162.2,6502,3498,,1,70.5,1372,6820,354.0,5.3,40.5,12.9,3.9,0.1,255.2,0.1,0.0,2.1,0,0.0,6702,3298
2026-09-30T01:58:51+00:00,18.4,1,16.1,25.5,1,71.4,10000,13,162.1,6302,3698,,1,70.6,1351,6841,354.0,5.3,40.5,12.9,3.9,0.1,255.2,0.1,0.0,2.1,0,0.0,6502,3498
2026-09-30T01:58:54+00:00,21.4,1,16.1,25.2,1,74.6,10000,13,162.3,6302,3698,,1,70.7,1332,6860,354.0,5.3,40.5,12.9,3.9,0.1,255.2,0.1,0.0,2.1,0,0.0,6302,3698
2026-09-30T01:58:57+00:00,24.5,1,16.1,26.1,1,72.5,10000,13,162.0,6102,3898,,1,70.3,1323,6869,354.0,5.3,40.5,12.9,3.9,0.1,255.2,0.1,0.0,2.1,0,0.0,6102,3898
2026-09-30T01:59:00+00:00,27.5,1,16.1,27.3,1,72.5,10000,13,162.2,5902,4098,,1,70.3,1332,6860,354.1,5.3,40.5,12.9,3.9,0.1,255.2,0.1,0.0,2.1,0,0.0,6102,3898
2026-09-30T01:59:03+00:00,30.6,1,16.1,24.6,1,72.4,10000,13,162.0,5702,4298,,1,71.2,1368,6824,354.1,5.3,40.5,12.9,3.9,0.1,255.3,0.1,0.0,2.1,0,0.0,5902,4098
2026-09-30T01:59:06+00:00,33.6,1,16.1,24.3,1,71.3,10000,13,161.9,5502,4498,,1,71.7,1320,6872,354.1,5.3,40.5,12.9,3.9,0.1,255.3,0.1,0.0,2.1,0,0.0,5702,4298
2026-09-30T01:59:09+00:00,36.7,1,16.1,23.4,1,66.4,10000,13,161.8,5302,4698,,1,156.7,1338,6854,354.1,5.3,40.5,12.9,3.9,0.1,255.3,0.1,0.0,2.1,0,0.0,5502,4498
2026-09-30T01:59:12+00:00,39.7,1,16.1,26.4,1,50.8,10000,13,161.7,5102,4898,,1,151.0,1335,6857,354.1,5.3,40.5,12.9,3.9,0.1,255.3,0.1,0.0,2.1,0,0.0,5302,4698
2026-09-30T01:59:15+00:00,42.8,1,16.1,27.2,1,59.7,10000,13,161.6,5102,4898,,1,153.5,1317,6875,354.1,5.3,40.5,12.9,3.9,0.1,255.3,0.1,0.0,2.1,0,0.0,5102,4898
2026-09-30T01:59:18+00:00,45.9,1,16.1,23.8,1,72.3,10000,13,161.6,4902,5098,,1,77.8,1337,6855,354.1,5.3,40.5,12.9,3.9,0.1,255.3,0.1,0.0,2.1,0,0.0,4902,5098
2026-09-30T01:59:21+00:00,48.9,1,16.1,26.7,1,72.0,10000,13,161.6,4702,5298,,1,70.8,1339,6853,354.1,5.3,40.5,12.9,3.9,0.1,255.3,0.1,0.0,2.1,0,0.0,4902,5098
2026-09-30T01:59:24+00:00,52.0,1,16.1,24.4,1,73.4,10000,13,161.6,4502,5498,,1,70.8,1320,6872,354.1,5.3,40.5,12.9,3.9,0.1,255.3,0.1,0.0,2.1,0,0.0,4702,5298
2026-09-30T01:59:27+00:00,55.1,1,16.1,26.2,1,74.5,10000,13,161.6,4302,5698,,1,70.8,1321,6871,354.1,5.3,40.5,12.9,3.9,0.1,255.3,0.1,0.0,2.1,0,0.0,4502,5498
2026-09-30T01:59:30+00:00,58.1,1,16.1,23.3,1,74.4,10000,13,161.6,4102,5898,,1,73.4,1321,6871,354.1,5.3,40.5,12.9,3.9,0.1,255.3,0.1,0.0,2.1,0,0.0,4302,5698
2026-09-30T01:59:33+00:00,61.2,1,16.1,24.8,1,74.4,10000,13,161.5,3902,6098,,1,156.6,1333,6859,354.2,5.3,40.6,12.9,3.9,0.1,255.3,0.1,0.0,2.1,0,0.0,4102,5898
2026-09-30T01:59:36+00:00,64.2,1,16.1,25.7,1,71.2,10000,13,161.5,3902,6098,,1,156.6,1341,6851,354.2,5.3,40.6,12.9,3.9,0.1,255.3,0.1,0.0,2.1,0,0.0,3902,6098
2026-09-30T01:59:40+00:00,67.3,1,16.1,25.0,1,69.2,10000,13,161.5,3702,6298,,1,155.9,1342,6850,354.2,5.3,40.6,12.9,3.9,0.1,255.3,0.1,0.0,2.1,0,0.0,3702,6298
2026-09-30T01:59:43+00:00,70.4,1,16.1,27.7,1,66.4,10000,13,161.5,3502,6498,,1,68.3,1325,6867,354.2,5.3,40.6,12.9,3.9,0.1,255.3,0.1,0.0,2.1,0,0.0,3702,6298
2026-09-30T01:59:46+00:00,73.4,1,16.1,29.5,1,73.0,10000,13,161.5,3302,6698,,1,68.5,1281,6911,354.2,5.3,40.6,12.9,3.9,0.1,255.4,0.1,0.0,2.1,0,0.0,3502,6498
2026-09-30T01:59:49+00:00,76.5,1,16.1,24.6,1,72.2,10000,13,161.5,3102,6898,,1,69.8,1274,6918,354.2,5.3,40.6,12.9,3.9,0.1,255.4,0.1,0.0,2.1,0,0.0,3302,6698
2026-09-30T01:59:52+00:00,79.6,1,16.1,26.3,1,73.7,10000,13,161.5,3102,6898,,1,70.5,1328,6864,354.2,5.3,40.6,12.9,3.9,0.1,255.4,0.1,0.0,2.1,0,0.0,3102,6898
2026-09-30T01:59:55+00:00,82.7,1,16.1,26.2,1,70.2,10000,13,161.5,2902,7098,,1,155.5,1341,6851,354.2,5.3,40.6,12.9,3.9,0.1,255.4,0.1,0.0,2.1,0,0.0,2902,7098
2026-09-30T01:59:58+00:00,85.8,1,16.1,24.8,1,71.8,10000,13,161.5,2702,7298,,1,156.4,1329,6863,354.3,5.3,40.6,12.9,3.9,0.1,255.4,0.1,0.0,2.1,0,0.0,2702,7298
2026-09-30T02:00:01+00:00,88.8,1,16.1,29.0,1,69.1,10000,13,161.6,2502,7498,,1,101.5,1249,6943,354.3,5.3,40.6,12.9,3.9,0.1,255.4,0.1,0.0,2.1,0,0.0,2702,7298
2026-09-30T02:00:04+00:00,91.9,1,16.1,27.3,1,71.6,10000,13,161.6,2302,7698,,1,70.5,1250,6942,354.3,5.3,40.6,12.9,3.9,0.1,255.4,0.1,0.0,2.1,0,0.0,2302,7698
2026-09-30T02:00:07+00:00,95.0,1,16.1,27.9,1,69.1,10000,13,161.6,2102,7898,,1,70.3,1295,6897,354.3,5.3,40.6,12.9,3.9,0.1,255.4,0.1,0.0,2.1,0,0.0,2302,7698
2026-09-30T02:00:10+00:00,98.0,1,16.1,24.5,1,68.9,10000,13,161.6,1902,8098,,1,71.6,1286,6906,354.3,5.3,40.6,12.9,3.9,0.1,255.4,0.1,0.0,2.1,0,0.0,2102,7898
2026-09-30T02:00:13+00:00,101.1,1,16.1,27.2,1,69.5,10000,13,161.6,1902,8098,,1,71.4,1330,6862,354.3,5.3,40.6,12.9,3.9,0.1,255.4,0.1,0.0,2.1,0,0.0,1902,8098
2026-09-30T02:00:16+00:00,104.2,1,16.1,27.8,1,73.3,10000,13,161.5,1702,8298,,1,70.8,1331,6861,354.3,5.3,40.6,12.9,3.9,0.1,255.4,0.1,0.0,2.1,0,0.0,1702,8298
2026-09-30T02:00:20+00:00,107.3,1,16.1,24.9,1,72.4,10000,13,161.5,1502,8498,,1,156.5,1294,6898,354.3,5.3,40.6,12.9,3.9,0.1,255.5,0.1,0.0,2.1,0,0.0,1702,8298
2026-09-30T02:00:23+00:00,110.3,1,16.1,26.6,1,70.6,10000,13,161.5,1302,8698,,1,144.1,1275,6917,354.3,5.3,40.6,12.9,3.9,0.1,255.5,0.1,0.0,2.1,0,0.0,1502,8498
2026-09-30T02:00:26+00:00,113.4,1,16.1,28.6,1,71.1,10000,13,161.5,1102,8898,,1,68.8,1298,6894,354.3,5.3,40.6,12.9,3.9,0.1,255.5,0.1,0.0,2.1,0,0.0,1302,8698
2026-09-30T02:00:29+00:00,116.5,1,16.1,25.8,1,72.2,10000,13,161.5,902,9098,,1,70.8,1296,6896,354.4,5.3,40.6,12.9,3.9,0.1,255.5,0.1,0.0,2.1,0,0.0,1102,8898
2026-09-30T02:00:32+00:00,119.6,1,16.1,24.8,1,70.3,10000,13,161.5,702,9298,,1,73.4,1318,6874,354.4,5.3,40.6,12.9,3.9,0.1,255.5,0.1,0.0,2.1,0,0.0,902,9098
2026-09-30T02:00:35+00:00,122.7,1,16.1,27.0,1,69.2,10000,13,161.5,502,9498,,1,73.5,1329,6863,354.4,5.3,40.7,12.9,3.9,0.1,255.5,0.1,0.0,2.1,0,0.0,702,9298
2026-09-30T02:00:38+00:00,125.7,1,16.1,25.8,1,67.5,10000,13,161.5,502,9498,,1,71.8,1324,6868,354.4,5.3,40.7,12.9,3.9,0.1,255.5,0.1,0.0,2.1,0,0.0,502,9498
2026-09-30T02:00:41+00:00,128.8,1,16.1,25.8,1,67.4,10000,13,161.5,302,9698,,1,71.0,1338,6854,354.4,5.3,40.7,12.9,3.9,0.1,255.5,0.1,0.0,2.1,0,0.0,302,9698
2026-09-30T02:00:44+00:00,131.9,1,16.1,26.9,1,67.2,10000,13,161.5,102,9898,,1,71.0,1357,6835,354.5,5.3,40.7,12.9,3.9,0.1,255.5,0.1,0.0,2.1,0,0.0,302,9698
2026-09-30T02:00:47+00:00,134.9,1,16.1,27.0,1,72.3,10000,13,161.5,,10000,,1,156.6,1318,6874,354.5,5.3,40.7,12.9,3.9,0.1,255.5,0.1,0.0,2.1,0,0.0,102,9898
2026-09-30T02:00:50+00:00,138.0,1,16.1,26.0,1,68.2,10000,13,161.5,,9902,98,1,155.6,1301,6891,354.5,5.3,40.7,12.9,3.9,0.1,255.5,0.1,0.0,2.1,0,0.0,,10000
2026-09-30T02:00:53+00:00,141.1,1,16.1,27.8,1,73.0,10000,13,161.5,,9902,98,1,172.5,1274,6918,354.5,5.3,40.7,12.9,3.9,0.1,255.5,0.1,0.0,2.1,0,0.0,,10000
2026-09-30T02:00:56+00:00,144.1,1,16.1,29.4,1,71.6,10000,13,161.5,,9902,98,1,170.5,1249,6943,354.5,5.3,40.7,12.9,3.9,0.1,255.6,0.1,0.0,2.1,0,0.0,,10000
2026-09-30T02:00:59+00:00,147.2,1,16.1,26.2,1,72.6,10000,13,161.5,,9902,98,1,180.7,1249,6943,354.5,5.3,40.7,12.9,3.9,0.1,255.6,0.1,0.0,2.1,0,0.0,,10000
2026-09-30T02:01:03+00:00,150.3,1,16.1,29.1,1,57.5,10000,13,161.5,,9902,98,1,168.5,1253,6939,354.6,5.3,40.7,12.9,3.9,0.1,255.6,0.1,0.0,2.1,0,0.0,,10000
2026-09-30T02:01:06+00:00,153.4,1,16.1,28.3,1,69.7,10000,13,161.5,,9902,98,1,180.4,1249,6943,354.6,5.3,40.7,12.9,3.9,0.1,255.6,0.1,0.0,2.1,0,0.0,,10000
2026-09-30T02:01:09+00:00,156.4,1,16.1,27.8,1,67.8,10000,13,161.5,,9902,98,1,174.0,1275,6917,354.6,5.3,40.7,12.9,3.9,0.1,255.6,0.1,0.0,2.1,0,0.0,,10000
2026-09-30T02:01:12+00:00,159.5,1,16.1,33.6,1,48.1,10000,13,161.3,,9902,98,1,58.9,1288,6904,354.6,5.3,40.7,12.9,3.9,0.1,255.7,0.1,0.0,2.1,0,0.0,,10000
2026-09-30T02:01:15+00:00,162.6,1,16.1,28.0,1,50.3,10000,13,161.5,,9902,98,1,179.1,1227,6965,354.7,5.3,40.7,12.9,3.9,0.1,255.7,0.1,0.0,2.1,0,0.0,,10000
2026-09-30T02:01:18+00:00,165.7,1,16.1,30.5,1,67.8,10000,13,161.4,,9902,98,1,132.7,1205,6987,354.7,5.3,40.7,12.9,3.9,0.1,255.7,0.1,0.0,2.1,0,0.0,,10000
2026-09-30T02:01:21+00:00,168.7,1,16.1,32.4,1,43.4,10000,13,161.5,,9902,98,1,68.6,1278,6914,354.7,5.3,40.7,12.9,3.9,0.1,255.7,0.1,0.0,2.1,0,0.0,,10000
2026-09-30T02:01:24+00:00,171.8,1,16.1,25.6,1,70.6,10000,13,161.5,,9710,290,1,160.6,1302,6890,354.7,5.3,40.7,12.9,3.9,0.1,255.7,0.1,0.0,2.1,0,0.0,,10000
2026-09-30T02:01:27+00:00,174.9,1,16.1,25.7,1,71.0,10000,13,161.5,,9510,490,1,160.3,1259,6933,354.7,5.3,40.7,12.9,3.9,0.1,255.7,0.1,0.0,2.1,0,0.0,,10000
2026-09-30T02:01:30+00:00,177.9,1,16.1,27.2,1,51.9,10000,13,161.5,,9310,690,1,69.2,1277,6915,354.7,5.3,40.7,12.9,3.9,0.1,255.7,0.1,0.0,2.1,0,0.0,,10000
2026-09-30T02:01:33+00:00,181.0,1,16.1,26.7,1,55.1,10000,13,161.6,,9110,890,1,69.0,1273,6919,354.7,5.3,40.7,12.9,3.9,0.1,255.7,0.1,0.0,2.1,0,0.0,,10000
2026-09-30T02:01:36+00:00,184.1,1,16.1,25.2,1,69.9,10000,13,161.6,,9110,890,1,71.9,1292,6900,354.7,5.3,40.7,12.9,3.9,0.1,255.7,0.1,0.0,2.1,0,0.0,,10000
2026-09-30T02:01:39+00:00,187.1,1,16.1,28.4,1,47.4,10000,13,161.5,,8910,1090,1,68.6,1315,6877,354.7,5.3,40.7,12.9,3.9,0.1,255.7,0.1,0.0,2.1,0,0.0,,10000
2026-09-30T02:01:42+00:00,190.2,1,16.1,26.6,1,46.8,10000,13,161.5,,8710,1290,1,68.9,1286,6906,354.7,5.3,40.7,12.9,3.9,0.1,255.7,0.1,0.0,2.1,0,0.0,,10000
2026-09-30T02:01:46+00:00,193.3,1,16.1,25.0,1,50.5,10000,13,161.5,,8710,1290,1,69.0,1286,6906,354.7,5.3,40.7,12.9,3.9,0.1,255.7,0.1,0.0,2.1,0,0.0,,10000
2026-09-30T02:01:49+00:00,196.3,1,16.1,24.8,1,72.5,10000,13,161.5,,8510,1490,1,69.5,1281,6911,354.7,5.3,40.7,12.9,3.9,0.1,255.7,0.1,0.0,2.1,0,0.0,,10000
2026-09-30T02:01:52+00:00,199.4,1,16.1,26.8,1,71.3,10000,13,161.5,,8310,1690,1,68.4,1271,6921,354.7,5.3,40.7,12.9,3.9,0.1,255.7,0.1,0.0,2.1,0,0.0,,10000
2026-09-30T02:01:55+00:00,202.5,1,16.1,27.0,1,72.7,10000,13,161.5,,8110,1890,1,68.1,1257,6935,354.7,5.3,40.7,12.9,3.9,0.1,255.7,0.1,0.0,2.1,0,0.0,,10000
2026-09-30T02:01:58+00:00,205.5,1,16.1,25.6,1,70.2,10000,13,161.5,,8110,1890,1,69.7,1246,6946,354.7,5.3,40.7,12.9,3.9,0.1,255.7,0.1,0.0,2.1,0,0.0,,10000
2026-09-30T02:02:01+00:00,208.6,1,16.1,28.9,1,69.8,10000,13,161.5,,7910,2090,1,65.9,1213,6979,354.7,5.3,40.7,12.9,3.9,0.1,255.7,0.1,0.0,2.1,0,0.0,,10000
2026-09-30T02:02:04+00:00,211.7,1,16.1,26.1,1,69.4,10000,13,161.5,,7710,2290,1,68.1,1268,6924,354.7,5.3,40.7,12.9,3.9,0.1,255.7,0.1,0.0,2.1,0,0.0,,10000
2026-09-30T02:02:07+00:00,214.7,1,16.1,25.5,1,69.5,10000,13,161.5,,7710,2290,1,68.2,1261,6931,354.7,5.3,40.7,12.9,3.9,0.1,255.7,0.1,0.0,2.1,0,0.0,,10000
2026-09-30T02:02:10+00:00,217.8,1,16.1,31.5,1,66.9,10000,13,161.5,,7510,2490,1,67.8,1245,6947,354.7,5.3,40.7,12.9,3.9,0.1,255.7,0.1,0.0,2.1,0,0.0,,10000
2026-09-30T02:02:13+00:00,220.8,1,16.1,26.4,1,50.5,10000,13,161.5,,7310,2690,1,69.2,1262,6930,354.7,5.3,40.7,12.9,3.9,0.1,255.7,0.1,0.0,2.1,0,0.0,,10000
2026-09-30T02:02:16+00:00,223.9,1,16.1,27.4,1,72.7,10000,13,161.5,,7110,2890,1,69.1,1303,6889,354.7,5.3,40.7,12.9,3.9,0.1,255.7,0.1,0.0,2.1,0,0.0,,10000
2026-09-30T02:02:19+00:00,227.0,1,16.1,25.1,1,72.2,10000,13,161.5,,7110,2890,1,69.5,1276,6916,354.7,5.3,40.7,12.9,3.9,0.1,255.7,0.1,0.0,2.1,0,0.0,,10000
2026-09-30T02:02:22+00:00,230.0,1,16.1,24.0,1,73.1,10000,13,161.5,,6910,3090,1,69.5,1273,6919,354.7,5.3,40.7,12.9,3.9,0.1,255.7,0.1,0.0,2.1,0,0.0,,10000
2026-09-30T02:02:25+00:00,233.1,1,16.1,25.9,1,73.5,10000,13,161.5,,6710,3290,1,68.6,1239,6953,354.7,5.3,40.7,12.9,3.9,0.1,255.7,0.1,0.0,2.1,0,0.0,,10000
2026-09-30T02:02:28+00:00,236.2,1,16.1,25.9,1,73.6,10000,13,161.5,,6710,3290,1,69.1,1254,6938,354.7,5.3,40.7,12.9,3.9,0.1,255.7,0.1,0.0,2.1,0,0.0,,10000
2026-09-30T02:02:31+00:00,239.2,1,16.1,24.9,1,70.9,10000,13,161.5,,6510,3490,1,70.6,1252,6940,354.7,5.3,40.7,12.9,3.9,0.1,255.7,0.1,0.0,2.1,0,0.0,,10000
2026-09-30T02:02:35+00:00,242.3,1,16.1,34.4,1,70.0,10000,13,161.5,,6310,3690,1,72.0,1267,6925,354.7,5.3,40.7,12.9,3.9,0.1,255.7,0.1,0.0,2.1,0,0.0,,10000
2026-09-30T02:02:38+00:00,245.4,1,16.1,28.2,1,65.8,10000,13,161.5,,6110,3890,1,154.3,1299,6893,354.7,5.3,40.7,12.9,3.9,0.1,255.7,0.1,0.0,2.1,0,0.0,,10000
2026-09-30T02:02:41+00:00,248.4,1,16.1,24.7,1,49.0,10000,13,161.5,,6110,3890,1,153.2,1312,6880,354.7,5.3,40.7,12.9,3.9,0.1,255.7,0.1,0.0,2.1,0,0.0,,10000
2026-09-30T02:02:44+00:00,251.5,1,16.1,25.2,1,50.8,10000,13,161.5,,5910,4090,1,67.8,1247,6945,354.7,5.3,40.7,12.9,3.9,0.1,255.7,0.1,0.0,2.1,0,0.0,,10000
2026-09-30T02:02:47+00:00,254.6,1,16.1,26.8,1,73.0,10000,13,161.5,,5710,4290,1,68.4,1284,6908,354.7,5.3,40.7,12.9,3.9,0.1,255.7,0.1,0.0,2.1,0,0.0,,10000
2026-09-30T02:02:50+00:00,257.7,1,16.1,27.1,1,71.9,10000,13,161.5,,5710,4290,1,67.2,1266,6926,354.7,5.3,40.7,12.9,3.9,0.1,255.7,0.1,0.0,2.1,0,0.0,,10000
2026-09-30T02:02:53+00:00,260.7,1,16.1,24.9,1,73.5,10000,13,161.4,,5510,4490,1,68.9,1239,6953,354.7,5.3,40.7,12.9,3.9,0.1,255.7,0.1,0.0,2.1,0,0.0,,10000
2026-09-30T02:02:56+00:00,263.8,1,16.1,25.9,1,70.2,10000,13,161.5,,5310,4690,1,69.1,1247,6945,354.7,5.3,40.7,12.9,3.9,0.1,255.7,0.1,0.0,2.1,0,0.0,,10000
2026-09-30T02:02:59+00:00,266.9,1,16.1,28.1,1,70.6,10000,13,157.5,,5110,4890,1,68.4,1258,6934,354.7,5.3,40.7,12.9,3.9,0.1,255.7,0.1,0.0,2.1,0,0.0,,10000
2026-09-30T02:03:02+00:00,270.0,1,16.1,24.9,1,68.9,10000,13,157.5,,5110,4890,1,68.3,1290,6902,354.7,5.3,40.7,12.9,3.9,0.1,255.7,0.1,0.0,2.1,0,0.0,,10000
2026-09-30T02:03:05+00:00,273.0,1,16.1,25.3,1,71.0,10000,13,157.5,,4910,5090,1,69.1,1224,6968,354.7,5.3,40.7,12.9,3.9,0.1,255.7,0.1,0.0,2.1,0,0.0,,10000
2026-09-30T02:03:08+00:00,276.1,1,16.1,26.3,1,58.4,10000,13,157.5,,4710,5290,1,67.4,1251,6941,354.7,5.3,40.7,12.9,3.9,0.1,255.7,0.1,0.0,2.1,0,0.0,,10000
2026-09-30T02:03:11+00:00,279.2,1,16.1,29.2,1,42.0,10000,13,157.4,,4710,5290,1,56.6,1233,6959,354.7,5.3,40.7,12.9,3.9,0.1,255.7,0.1,0.0,2.1,0,0.0,,10000
2026-09-30T02:03:15+00:00,282.3,1,16.1,25.6,1,49.1,10000,13,157.5,,4510,5490,1,67.0,1243,6949,354.7,5.3,40.7,12.9,3.9,0.1,255.7,0.1,0.0,2.1,0,0.0,,10000
2026-09-30T02:03:18+00:00,285.4,1,16.1,25.2,1,72.6,10000,13,157.5,,4310,5690,1,67.6,1229,6963,354.7,5.3,40.7,12.9,3.9,0.1,255.7,0.1,0.0,2.1,0,0.0,,10000
2026-09-30T02:03:21+00:00,288.5,1,16.1,25.9,1,70.2,10000,13,157.5,,4310,5690,1,67.9,1269,6923,354.7,5.3,40.7,12.9,3.9,0.1,255.7,0.1,0.0,2.1,0,0.0,,10000
2026-09-30T02:03:24+00:00,291.5,1,16.1,25.2,1,73.1,10000,13,157.5,,4110,5890,1,68.6,1222,6970,354.7,5.3,40.7,12.9,3.9,0.1,255.7,0.1,0.0,2.1,0,0.0,,10000
2026-09-30T02:03:27+00:00,294.6,1,16.1,26.7,1,71.4,10000,13,157.5,,3910,6090,1,69.0,1217,6975,354.7,5.3,40.7,12.9,3.9,0.1,255.7,0.1,0.0,2.1,0,0.0,,10000
2026-09-30T02:03:30+00:00,297.7,1,16.1,24.5,1,68.4,10000,13,157.5,,3710,6290,1,69.1,1214,6978,354.7,5.3,40.7,12.9,3.9,0.1,255.7,0.1,0.0,2.1,0,0.0,,10000
2026-09-30T02:03:33+00:00,300.7,1,16.1,25.6,1,67.0,10000,13,157.5,,3710,6290,1,68.4,1206,6986,354.7,5.3,40.7,12.9,3.9,0.1,255.7,0.1,0.0,2.1,0,0.0,,10000
2026-09-30T02:03:36+00:00,303.8,1,16.1,27.1,1,71.8,10000,13,157.5,,3510,6490,1,68.6,1266,6926,354.7,5.3,40.7,12.9,3.9,0.1,255.7,0.1,0.0,2.1,0,0.0,,10000
2026-09-30T02:03:39+00:00,306.9,1,16.1,24.1,1,51.4,10000,13,157.5,,3310,6690,1,71.1,1263,6929,354.7,5.3,40.7,12.9,3.9,0.1,255.7,0.1,0.0,2.1,0,0.0,,10000
2026-09-30T02:03:42+00:00,309.9,1,16.1,26.5,1,51.0,10000,13,157.5,,3110,6890,1,67.8,1277,6915,354.7,5.3,40.7,12.9,3.9,0.1,255.7,0.1,0.0,2.1,0,0.0,,10000
2026-09-30T02:03:45+00:00,313.0,1,16.1,25.0,1,52.2,10000,13,157.5,,3110,6890,1,70.3,1290,6902,354.7,5.3,40.7,12.9,3.9,0.1,255.7,0.1,0.0,2.1,0,0.0,,10000
2026-09-30T02:03:48+00:00,316.1,1,16.1,25.3,1,73.1,10000,13,157.5,,2910,7090,1,155.4,1237,6955,354.7,5.3,40.7,12.9,3.9,0.1,255.7,0.1,0.0,2.1,0,0.0,,10000
2026-09-30T02:03:51+00:00,319.2,1,16.1,24.7,1,72.2,10000,13,157.5,,2710,7290,1,155.4,1227,6965,354.7,5.3,40.7,12.9,3.9,0.1,255.7,0.1,0.0,2.1,0,0.0,,10000
2026-09-30T02:03:55+00:00,322.3,1,16.1,25.7,1,73.7,10000,13,157.5,,2710,7290,1,145.7,1227,6965,354.7,5.3,40.7,12.9,3.9,0.1,255.7,0.1,0.0,2.1,0,0.0,,10000
2026-09-30T02:03:58+00:00,325.3,1,16.1,25.3,1,73.6,10000,13,157.5,,2510,7490,1,155.3,1229,6963,354.7,5.3,40.7,12.9,3.9,0.1,255.7,0.1,0.0,2.1,0,0.0,,10000
2026-09-30T02:04:01+00:00,328.4,1,16.1,23.8,1,71.6,10000,13,157.5,,2310,7690,1,140.8,1268,6924,354.7,5.3,40.7,12.9,3.9,0.1,255.7,0.1,0.0,2.1,0,0.0,,10000
2026-09-30T02:04:04+00:00,331.4,1,16.1,23.8,1,69.0,10000,13,157.5,,2110,7890,1,68.2,1269,6923,354.7,5.3,40.7,12.9,3.9,0.1,255.7,0.1,0.0,2.1,0,0.0,,10000
2026-09-30T02:04:07+00:00,334.5,1,16.1,25.7,1,72.5,10000,13,157.5,,2110,7890,1,68.2,1277,6915,354.7,5.3,40.7,12.9,3.9,0.1,255.7,0.1,0.0,2.1,0,0.0,,10000
2026-09-30T02:04:10+00:00,337.6,1,16.1,24.8,1,71.5,10000,13,157.5,,1910,8090,1,68.2,1258,6934,354.7,5.3,40.7,12.9,3.9,0.1,255.7,0.1,0.0,2.1,0,0.0,,10000
2026-09-30T02:04:13+00:00,340.6,1,16.1,28.1,1,49.9,10000,13,157.5,,1710,8290,1,68.3,1250,6942,354.7,5.3,40.7,12.9,3.9,0.1,255.7,0.1,0.0,2.1,0,0.0,,10000
2026-09-30T02:04:16+00:00,343.7,1,16.1,25.9,1,50.5,10000,13,157.4,,1710,8290,1,67.8,1230,6962,354.7,5.3,40.7,12.9,3.9,0.1,255.7,0.1,0.0,2.1,0,0.0,,10000
2026-09-30T02:04:19+00:00,346.8,1,16.1,26.2,1,72.7,10000,13,154.7,,1510,8490,1,68.2,1285,6907,354.7,5.3,40.7,12.9,3.9,0.1,255.7,0.1,0.0,2.1,0,0.0,,10000
2026-09-30T02:04:22+00:00,349.8,1,16.1,23.3,1,72.7,10000,13,155.4,,1310,8690,1,68.8,1273,6919,354.7,5.3,40.7,12.9,3.9,0.1,255.7,0.1,0.0,2.1,0,0.0,,10000
2026-09-30T02:04:25+00:00,352.9,1,16.1,27.6,1,73.5,10000,13,155.4,,1110,8890,1,67.6,1305,6887,354.7,5.3,40.7,12.9,3.9,0.1,255.7,0.1,0.0,2.1,0,0.0,,10000
2026-09-30T02:04:28+00:00,356.0,1,16.1,25.5,1,73.6,10000,13,155.4,,1110,8890,1,67.5,1306,6886,354.7,5.3,40.7,12.9,3.9,0.1,255.7,0.1,0.0,2.1,0,0.0,,10000
2026-09-30T02:04:31+00:00,359.0,1,16.1,25.2,1,73.7,10000,13,155.4,,910,9090,1,69.8,1294,6898,354.7,5.3,40.7,12.9,3.9,0.1,255.7,0.1,0.0,2.1,0,0.0,,10000
2026-09-30T02:04:34+00:00,362.1,1,16.1,24.4,1,70.8,10000,13,155.4,,710,9290,1,70.2,1302,6890,354.7,5.3,40.7,12.9,3.9,0.1,255.7,0.1,0.0,2.1,0,0.0,,10000
2026-09-30T02:04:37+00:00,365.2,1,16.1,26.0,1,70.6,10000,13,155.4,,510,9490,1,69.5,1339,6853,354.7,5.3,40.7,12.9,3.9,0.1,255.7,0.1,0.0,2.1,0,0.0,,10000
2026-09-30T02:04:40+00:00,368.2,1,16.1,28.5,1,66.8,10000,13,155.4,,310,9690,1,66.6,1308,6884,354.7,5.3,40.7,12.9,3.9,0.1,255.7,0.1,0.0,2.1,0,0.0,,10000
2026-09-30T02:04:44+00:00,371.3,1,16.1,25.1,1,68.6,10000,13,155.4,,310,9690,1,69.6,1326,6866,354.7,5.3,40.7,12.9,3.9,0.1,255.7,0.1,0.0,2.1,0,0.0,,10000
2026-09-30T02:04:47+00:00,374.4,1,16.1,27.3,1,67.5,10000,13,155.3,,110,9890,1,70.9,1300,6892,354.7,5.3,40.7,12.9,3.9,0.1,255.7,0.1,0.0,2.1,0,0.0,,10000
2026-09-30T02:04:50+00:00,377.5,1,16.1,21.7,1,72.9,10000,13,154.4,,,10000,1,160.3,1308,6884,354.7,5.3,40.7,12.9,3.9,0.1,255.7,0.1,0.0,2.1,0,0.0,,10000
