ts,t,api-server_n,api-server_rss_mb,cpu_pct,dag-processor_n,dag-processor_rss_mb,mapped_tis,other_n,other_rss_mb,scheduler_n,scheduler_rss_mb,sys_avail_mb,sys_used_mb,sz__database_mb,sz_asset_event_mb,sz_dag_run_mb,sz_log_mb,sz_rendered_task_instance_fields_mb,sz_task_instance_history_mb,sz_task_instance_mb,sz_task_map_mb,sz_task_reschedule_mb,sz_xcom_mb,task_n,task_rss_mb,ti_none,ti_running,ti_success
2026-09-30T02:08:35+00:00,0.0,1,34.1,39.8,1,63.6,0,9,244.2,1,277.8,1302,6890,356.0,5.3,40.7,12.9,3.9,0.1,257.0,0.1,0.0,2.2,0,0.0,2,,
2026-09-30T02:08:36+00:00,1.0,1,34.1,40.4,1,46.9,0,10,398.2,1,220.3,1280,6912,356.0,5.3,40.7,12.9,3.9,0.1,257.0,0.1,0.0,2.2,1,84.2,1,1,
2026-09-30T02:08:37+00:00,2.1,1,34.1,30.2,1,56.7,0,10,426.1,1,88.6,1284,6908,356.1,5.3,40.7,12.9,3.9,0.1,257.0,0.1,0.0,2.3,0,0.0,1,,1
2026-09-30T02:08:38+00:00,3.2,1,34.1,26.0,1,62.8,0,10,421.1,1,221.2,1208,6984,356.1,5.3,40.7,12.9,3.9,0.1,257.0,0.1,0.0,2.3,0,0.0,1,,1
2026-09-30T02:08:39+00:00,4.2,1,34.1,31.5,1,50.3,0,10,244.1,1,303.5,1199,6993,356.1,5.3,40.7,12.9,3.9,0.1,257.0,0.1,0.0,2.3,0,0.0,1,,1
2026-09-30T02:08:40+00:00,5.3,1,34.1,33.5,1,59.2,0,10,197.9,1,479.6,1220,6972,356.1,5.3,40.7,12.9,3.9,0.1,257.0,0.1,0.0,2.3,0,0.0,1,,1
2026-09-30T02:08:41+00:00,6.3,1,34.1,32.4,1,59.1,0,10,198.1,1,508.4,1220,6972,356.4,5.3,40.7,12.9,3.9,0.1,257.3,0.1,0.0,2.3,0,0.0,1,,1
2026-09-30T02:08:42+00:00,7.4,1,34.1,29.9,1,62.8,0,10,198.5,1,354.9,1272,6920,357.3,5.3,40.7,12.9,3.9,0.1,258.2,0.1,0.0,2.3,0,0.0,1,,1
2026-09-30T02:08:43+00:00,8.4,1,34.1,26.4,1,62.8,0,10,198.6,1,250.6,1261,6931,361.3,5.3,40.7,12.9,3.9,0.1,262.2,0.1,0.0,2.3,0,0.0,1,,1
2026-09-30T02:08:44+00:00,9.5,1,34.1,30.6,1,62.9,0,10,198.6,1,453.9,1325,6867,362.8,5.3,40.7,12.9,3.9,0.1,263.7,0.1,0.0,2.3,0,0.0,1,,1
2026-09-30T02:08:45+00:00,10.5,1,34.1,32.7,1,62.9,0,10,198.7,1,439.3,1351,6841,362.8,5.3,40.7,12.9,3.9,0.1,263.7,0.1,0.0,2.3,0,0.0,1,,1
2026-09-30T02:08:46+00:00,11.6,1,34.1,33.0,2,150.4,0,10,198.7,1,418.1,1323,6869,362.8,5.3,40.7,12.9,3.9,0.1,263.7,0.1,0.0,2.3,0,0.0,1,,1
2026-09-30T02:08:47+00:00,12.6,1,34.1,35.1,1,89.5,0,10,198.7,1,409.7,1349,6843,362.8,5.3,40.7,12.9,3.9,0.1,263.7,0.1,0.0,2.3,0,0.0,1,,1
2026-09-30T02:08:48+00:00,13.7,1,34.1,30.8,1,90.7,0,10,198.7,1,480.1,1392,6800,362.8,5.3,40.7,12.9,3.9,0.1,263.7,0.1,0.0,2.3,0,0.0,1,,1
2026-09-30T02:08:50+00:00,14.8,1,34.1,36.1,1,89.4,0,10,198.7,1,342.9,1398,6794,362.8,5.3,40.7,12.9,3.9,0.1,263.7,0.1,0.0,2.3,0,0.0,1,,1
2026-09-30T02:08:51+00:00,15.8,1,34.1,32.2,1,89.6,0,10,198.7,1,329.3,1415,6777,362.8,5.3,40.7,12.9,3.9,0.1,263.7,0.1,0.0,2.3,0,0.0,1,,1
2026-09-30T02:08:52+00:00,16.9,1,34.1,31.7,1,89.6,0,10,198.8,1,308.4,1427,6765,362.8,5.3,40.7,12.9,3.9,0.1,263.7,0.1,0.0,2.3,0,0.0,1,,1
2026-09-30T02:08:53+00:00,18.0,1,34.1,40.5,1,89.1,0,10,198.5,1,289.1,1399,6793,362.8,5.3,40.7,12.9,3.9,0.1,263.7,0.1,0.0,2.3,0,0.0,1,,1
2026-09-30T02:08:54+00:00,19.1,1,34.1,37.1,1,66.0,0,10,198.3,1,289.2,1353,6839,362.8,5.3,40.7,12.9,3.9,0.1,263.7,0.1,0.0,2.3,0,0.0,1,,1
2026-09-30T02:08:55+00:00,20.1,1,34.1,33.3,1,66.0,0,10,198.4,1,181.5,1351,6841,362.8,5.3,40.7,12.9,3.9,0.1,263.7,0.1,0.0,2.3,0,0.0,1,,1
2026-09-30T02:08:56+00:00,21.2,1,34.1,30.7,1,66.0,0,10,198.4,1,175.9,1351,6841,362.8,5.3,40.7,12.9,3.9,0.1,263.7,0.1,0.0,2.3,0,0.0,1,,1
2026-09-30T02:08:57+00:00,22.3,1,34.1,30.9,1,65.4,0,10,198.4,1,164.4,1350,6842,362.8,5.3,40.7,12.9,3.9,0.1,263.7,0.1,0.0,2.3,0,0.0,1,,1
2026-09-30T02:08:58+00:00,23.3,1,34.1,30.4,1,65.7,0,10,198.4,1,166.2,1352,6840,362.8,5.3,40.7,12.9,3.9,0.1,263.7,0.1,0.0,2.3,0,0.0,1,,1
2026-09-30T02:08:59+00:00,24.4,1,34.1,33.9,1,65.7,0,10,198.4,1,154.2,1355,6837,362.8,5.3,40.7,12.9,3.9,0.1,263.7,0.1,0.0,2.3,0,0.0,1,,1
2026-09-30T02:09:00+00:00,25.5,1,34.1,31.3,1,63.1,0,10,198.3,1,307.9,1386,6806,362.8,5.3,40.7,12.9,3.9,0.1,263.7,0.1,0.0,2.3,0,0.0,1,,1
2026-09-30T02:09:01+00:00,26.5,1,34.1,29.3,1,63.1,0,10,198.3,1,310.3,1380,6812,362.8,5.3,40.7,12.9,3.9,0.1,263.7,0.1,0.0,2.3,0,0.0,1,,1
2026-09-30T02:09:02+00:00,27.6,1,34.1,30.6,1,63.1,0,10,198.4,1,313.0,1392,6800,362.8,5.3,40.7,12.9,3.9,0.1,263.7,0.1,0.0,2.3,0,0.0,1,,1
2026-09-30T02:09:03+00:00,28.7,1,34.1,35.1,1,63.4,0,10,198.4,1,311.7,1388,6804,362.8,5.3,40.7,12.9,3.9,0.1,263.7,0.1,0.0,2.3,0,0.0,1,,1
2026-09-30T02:09:05+00:00,29.8,1,34.1,31.1,1,63.4,0,10,198.3,1,311.5,1383,6809,362.8,5.3,40.7,12.9,3.9,0.1,263.7,0.1,0.0,2.3,0,0.0,1,,1
2026-09-30T02:09:06+00:00,30.8,1,34.1,32.3,1,63.0,0,10,198.3,1,308.0,1383,6809,362.8,5.3,40.7,12.9,3.9,0.1,263.7,0.1,0.0,2.3,0,0.0,1,,1
2026-09-30T02:09:07+00:00,31.9,1,34.1,32.3,1,63.0,0,10,198.3,1,305.3,1375,6817,362.8,5.3,40.7,12.9,3.9,0.1,263.7,0.1,0.0,2.3,0,0.0,1,,1
2026-09-30T02:09:08+00:00,33.0,1,34.1,33.0,1,63.1,0,10,198.4,1,240.3,1368,6824,362.8,5.3,40.7,12.9,3.9,0.1,263.7,0.1,0.0,2.3,0,0.0,1,,1
2026-09-30T02:09:09+00:00,34.0,1,34.1,31.8,1,63.4,0,10,198.4,1,143.2,1361,6831,362.8,5.3,40.7,12.9,3.9,0.1,263.7,0.1,0.0,2.3,0,0.0,1,,1
2026-09-30T02:09:10+00:00,35.1,1,34.1,36.5,1,63.4,0,10,198.4,1,80.0,1356,6836,362.8,5.3,40.7,12.9,3.9,0.1,263.7,0.1,0.0,2.3,0,0.0,1,,1
2026-09-30T02:09:11+00:00,36.2,1,34.1,37.5,1,60.9,0,10,197.6,1,77.2,1364,6828,362.8,5.3,40.7,12.9,3.9,0.1,263.7,0.1,0.0,2.3,0,0.0,1,,1
2026-09-30T02:09:12+00:00,37.3,1,34.1,46.8,1,46.6,0,10,198.1,1,70.5,1295,6897,362.8,5.3,40.7,12.9,3.9,0.1,263.7,0.1,0.0,2.3,0,0.0,1,,1
2026-09-30T02:09:13+00:00,38.3,1,34.1,39.3,1,62.9,0,10,198.1,1,332.2,1301,6891,362.8,5.3,40.7,12.9,3.9,0.1,263.7,0.1,0.0,2.3,0,0.0,1,,1
2026-09-30T02:09:14+00:00,39.4,1,34.1,31.7,1,63.0,0,10,198.2,1,333.9,1300,6892,362.8,5.3,40.7,12.9,3.9,0.1,263.7,0.1,0.0,2.3,0,0.0,1,,1
2026-09-30T02:09:15+00:00,40.5,1,34.1,30.8,1,63.4,0,10,198.2,1,334.4,1302,6890,362.8,5.3,40.7,12.9,3.9,0.1,263.7,0.1,0.0,2.3,0,0.0,1,,1
2026-09-30T02:09:16+00:00,41.5,1,34.1,30.9,1,66.0,0,10,198.2,1,334.6,1279,6913,362.8,5.3,40.7,12.9,3.9,0.1,263.7,0.1,0.0,2.3,0,0.0,1,,1
2026-09-30T02:09:17+00:00,42.6,1,34.1,32.3,1,88.2,0,10,198.2,1,275.4,1288,6904,362.8,5.3,40.7,12.9,3.9,0.1,263.7,0.1,0.0,2.3,0,0.0,1,,1
2026-09-30T02:09:18+00:00,43.7,1,34.1,31.9,1,89.6,0,10,198.2,1,263.6,1279,6913,362.8,5.3,40.7,12.9,3.9,0.1,263.7,0.1,0.0,2.3,0,0.0,1,,1
2026-09-30T02:09:20+00:00,44.7,1,34.1,31.3,1,90.5,0,10,198.2,1,262.0,1279,6913,362.8,5.3,40.7,12.9,3.9,0.1,263.7,0.1,0.0,2.3,0,0.0,1,,1
2026-09-30T02:09:21+00:00,45.8,1,34.1,33.6,1,90.5,0,10,198.2,1,137.7,1270,6922,362.8,5.3,40.7,12.9,3.9,0.1,263.7,0.1,0.0,2.3,0,0.0,1,,1
2026-09-30T02:09:22+00:00,46.9,1,34.1,32.7,1,85.3,0,10,198.2,1,81.1,1285,6907,362.8,5.3,40.7,12.9,3.9,0.1,263.7,0.1,0.0,2.3,0,0.0,1,,1
2026-09-30T02:09:23+00:00,48.0,1,34.1,39.7,1,73.4,0,10,197.9,1,78.8,1241,6951,362.8,5.3,40.7,12.9,3.9,0.1,263.7,0.1,0.0,2.3,0,0.0,1,,1
2026-09-30T02:09:24+00:00,49.1,1,34.1,33.1,1,64.8,0,10,198.2,1,80.6,1265,6927,362.8,5.3,40.7,12.9,3.9,0.1,263.7,0.1,0.0,2.3,0,0.0,1,,1
2026-09-30T02:09:25+00:00,50.1,1,34.1,34.7,1,63.0,0,10,198.2,1,73.7,1234,6958,362.8,5.3,40.7,12.9,3.9,0.1,263.7,0.1,0.0,2.3,0,0.0,1,,1
2026-09-30T02:09:26+00:00,51.2,1,34.1,31.3,1,62.6,0,10,198.2,1,76.9,1230,6962,362.8,5.3,40.7,12.9,3.9,0.1,263.7,0.1,0.0,2.3,0,0.0,1,,1
2026-09-30T02:09:27+00:00,52.2,1,34.1,31.5,1,62.7,0,10,198.2,1,82.0,1243,6949,362.8,5.3,40.7,12.9,3.9,0.1,263.7,0.1,0.0,2.3,0,0.0,1,,1
2026-09-30T02:09:28+00:00,53.3,1,34.1,29.5,1,59.2,0,10,198.0,1,366.3,1246,6946,362.8,5.3,40.7,12.9,3.9,0.1,263.7,0.1,0.0,2.3,0,0.0,1,,1
2026-09-30T02:09:29+00:00,54.3,1,34.1,31.6,1,62.9,0,10,198.1,1,362.6,1225,6967,362.8,5.3,40.7,12.9,3.9,0.1,263.7,0.1,0.0,2.3,0,0.0,1,,1
2026-09-30T02:09:30+00:00,55.4,1,34.1,30.7,1,63.0,0,10,198.1,1,313.6,1220,6972,362.8,5.3,40.7,12.9,3.9,0.1,263.7,0.1,0.0,2.3,0,0.0,1,,1
2026-09-30T02:09:31+00:00,56.4,1,34.1,29.1,1,63.0,0,11,223.9,1,266.9,1203,6989,362.8,5.3,40.7,12.9,3.9,0.1,263.7,0.1,0.0,2.3,0,0.0,1,,1
2026-09-30T02:09:32+00:00,57.5,1,34.1,33.2,1,63.0,0,10,198.2,1,116.4,1247,6945,362.8,5.3,40.7,12.9,3.9,0.1,263.7,0.1,0.0,2.3,0,0.0,1,,1
2026-09-30T02:09:33+00:00,58.5,1,34.1,29.5,1,63.1,0,10,198.2,1,92.0,1247,6945,362.8,5.3,40.7,12.9,3.9,0.1,263.7,0.1,0.0,2.3,0,0.0,1,,1
2026-09-30T02:09:34+00:00,59.6,1,34.1,30.9,1,63.4,0,10,198.2,1,89.3,1244,6948,362.8,5.3,40.7,12.9,3.9,0.1,263.7,0.1,0.0,2.3,0,0.0,1,,1
2026-09-30T02:09:35+00:00,60.7,1,34.1,29.5,1,63.4,0,11,223.9,1,93.0,1235,6957,362.8,5.3,40.7,12.9,3.9,0.1,263.7,0.1,0.0,2.3,0,0.0,1,,1
2026-09-30T02:09:36+00:00,61.7,1,34.1,31.0,1,63.3,0,10,198.2,1,91.0,1249,6943,362.8,5.3,40.7,12.9,3.9,0.1,263.7,0.1,0.0,2.3,0,0.0,1,,1
2026-09-30T02:09:38+00:00,62.8,1,34.1,27.9,1,63.4,0,10,198.2,1,97.3,1244,6948,362.8,5.3,40.7,12.9,3.9,0.1,263.7,0.1,0.0,2.3,0,0.0,1,,1
2026-09-30T02:09:39+00:00,63.8,1,34.1,29.5,1,59.8,0,10,198.2,1,100.6,1242,6950,362.8,5.3,40.7,12.9,3.9,0.1,263.7,0.1,0.0,2.3,0,0.0,1,,1
2026-09-30T02:09:40+00:00,64.9,1,34.1,30.0,1,63.4,0,11,223.5,1,102.1,1230,6962,362.8,5.3,40.7,12.9,3.9,0.1,263.7,0.1,0.0,2.3,0,0.0,1,,1
2026-09-30T02:09:41+00:00,65.9,1,34.1,32.9,1,63.4,0,10,198.2,1,98.5,1208,6984,362.8,5.3,40.7,12.9,3.9,0.1,263.7,0.1,0.0,2.3,0,0.0,1,,1
2026-09-30T02:09:42+00:00,67.0,1,34.1,40.0,1,44.7,0,10,196.9,1,406.3,1254,6938,362.8,5.3,40.7,12.9,3.9,0.1,263.7,0.1,0.0,2.3,0,0.0,1,,1
2026-09-30T02:09:43+00:00,68.1,1,34.1,30.0,1,59.1,0,10,198.1,1,409.1,1265,6927,362.8,5.3,40.7,12.9,3.9,0.1,263.7,0.1,0.0,2.3,0,0.0,1,,1
2026-09-30T02:09:44+00:00,69.1,1,34.1,29.1,1,59.2,0,11,223.9,1,351.8,1270,6922,364.5,5.3,40.7,12.9,3.9,0.1,265.3,0.1,0.0,2.3,0,0.0,1,,1
2026-09-30T02:09:45+00:00,70.2,1,34.1,29.1,1,63.0,0,10,198.2,1,109.4,1263,6929,374.1,5.3,40.7,12.9,3.9,0.1,274.9,0.1,0.0,2.3,0,0.0,1,,1
2026-09-30T02:09:46+00:00,71.2,1,34.1,26.8,1,55.5,30000,10,197.1,1,296.3,1269,6923,376.6,5.3,40.7,12.9,3.9,0.1,277.5,0.1,0.0,2.3,0,0.0,,,30001
2026-09-30T02:09:47+00:00,72.3,1,34.1,45.4,1,63.6,30000,10,196.4,1,502.8,1239,6953,376.6,5.3,40.7,12.9,3.9,0.1,277.5,0.1,0.0,2.3,0,0.0,,,30001
2026-09-30T02:09:48+00:00,73.4,1,34.1,29.4,1,73.9,30000,10,197.4,1,451.4,1260,6932,376.6,5.3,40.7,12.9,3.9,0.1,277.5,0.1,0.0,2.3,0,0.0,,,30001
